timestamp,latitude,longitude
2026/02/27 11:34:21.000+00,-25.383909,-51.4870376
2026/02/27 11:34:22.000+00,-25.3841121,-51.4871047
2026/02/27 11:34:24.000+00,-25.3840052,-51.4951021
2026/02/27 11:34:29.000+00,-25.3840063,-51.495107
2026/02/27 11:34:34.000+00,-25.3840059,-51.4951072
2026/02/27 11:34:39.000+00,-25.3840058,-51.4951074
2026/02/27 11:34:44.000+00,-25.3840484,-51.4951283
2026/02/27 11:34:49.000+00,-25.3840812,-51.4951517
2026/02/27 11:34:53.000+00,-25.3840887,-51.495167
2026/02/27 11:34:57.000+00,-25.3841235,-51.4951767
2026/02/27 11:35:01.000+00,-25.3841603,-51.4951842
2026/02/27 11:35:06.000+00,-25.3841878,-51.4952047
2026/02/27 11:35:10.000+00,-25.3842222,-51.4952265
2026/02/27 11:35:15.000+00,-25.3842472,-51.4952454
2026/02/27 11:35:19.000+00,-25.3842782,-51.4952722
2026/02/27 11:35:23.000+00,-25.3843094,-51.4952975
2026/02/27 11:35:28.000+00,-25.3843441,-51.4953197
2026/02/27 11:35:29.000+00,-25.3843584,-51.4953326
2026/02/27 11:35:34.000+00,-25.384397,-51.4953554
2026/02/27 11:35:38.000+00,-25.3844399,-51.4953626
2026/02/27 11:35:43.000+00,-25.3844745,-51.4953807
2026/02/27 11:35:45.000+00,-25.3844792,-51.4954002
2026/02/27 11:35:49.000+00,-25.3845262,-51.4954119
2026/02/27 11:35:53.000+00,-25.3845689,-51.4954275
2026/02/27 11:35:57.000+00,-25.3846139,-51.4954327
2026/02/27 11:36:02.000+00,-25.3846533,-51.4954595
2026/02/27 11:36:06.000+00,-25.3846934,-51.4954782
2026/02/27 11:36:10.000+00,-25.3847338,-51.4955071
2026/02/27 11:36:15.000+00,-25.3847721,-51.4955325
2026/02/27 11:36:19.000+00,-25.3847977,-51.4955606
2026/02/27 11:36:23.000+00,-25.3848319,-51.4955789
2026/02/27 11:36:26.000+00,-25.3848512,-51.4955829
2026/02/27 11:36:30.000+00,-25.3848635,-51.4955861
2026/02/27 11:36:34.000+00,-25.3848748,-51.4955863
2026/02/27 11:36:39.000+00,-25.3849152,-51.4956006
2026/02/27 11:36:43.000+00,-25.3849527,-51.49561
2026/02/27 11:36:46.000+00,-25.384981,-51.4956291
2026/02/27 11:36:50.000+00,-25.3850054,-51.4956661
2026/02/27 11:36:54.000+00,-25.3850435,-51.4956857
2026/02/27 11:36:59.000+00,-25.3850732,-51.4957203
2026/02/27 11:37:01.000+00,-25.3850807,-51.4957321
2026/02/27 11:37:05.000+00,-25.3851137,-51.4957548
2026/02/27 11:37:09.000+00,-25.3851521,-51.4957712
2026/02/27 11:37:13.000+00,-25.3851891,-51.4957864
2026/02/27 11:37:16.000+00,-25.3852049,-51.4958139
2026/02/27 11:37:21.000+00,-25.3852333,-51.4958359
2026/02/27 11:37:25.000+00,-25.3852632,-51.4958563
2026/02/27 11:37:29.000+00,-25.3853006,-51.4958724
2026/02/27 11:37:33.000+00,-25.3853315,-51.4958782
2026/02/27 11:37:37.000+00,-25.3853727,-51.4958929
2026/02/27 11:37:41.000+00,-25.3854067,-51.4959226
2026/02/27 11:37:46.000+00,-25.3854438,-51.4959484
2026/02/27 11:37:47.000+00,-25.3854479,-51.4959545
2026/02/27 11:37:52.000+00,-25.3854501,-51.4959815
2026/02/27 11:37:56.000+00,-25.3854296,-51.4960319
2026/02/27 11:38:00.000+00,-25.3853938,-51.4960562
2026/02/27 11:38:03.000+00,-25.3853917,-51.4960935
2026/02/27 11:38:07.000+00,-25.3853849,-51.4961452
2026/02/27 11:38:12.000+00,-25.3853569,-51.496177
2026/02/27 11:38:17.000+00,-25.3853482,-51.4962199
2026/02/27 11:38:18.000+00,-25.3853528,-51.4962391
2026/02/27 11:38:22.000+00,-25.3853381,-51.4962918
2026/02/27 11:38:26.000+00,-25.3853169,-51.4963189
2026/02/27 11:38:31.000+00,-25.3853335,-51.4963212
2026/02/27 11:38:35.000+00,-25.3853657,-51.4963161
2026/02/27 11:38:40.000+00,-25.3853823,-51.4963381
2026/02/27 11:38:44.000+00,-25.3853954,-51.496333
2026/02/27 11:38:49.000+00,-25.3854066,-51.4963396
2026/02/27 11:38:53.000+00,-25.3854134,-51.4963441
2026/02/27 11:38:58.000+00,-25.385417,-51.4963499
2026/02/27 11:39:01.000+00,-25.385434,-51.4963596
2026/02/27 11:39:06.000+00,-25.3854686,-51.4963775
2026/02/27 11:39:10.000+00,-25.3854994,-51.496406
2026/02/27 11:39:14.000+00,-25.385524,-51.4964268
2026/02/27 11:39:19.000+00,-25.3855559,-51.4964259
2026/02/27 11:39:24.000+00,-25.3855887,-51.4964335
2026/02/27 11:39:28.000+00,-25.3856228,-51.4964469
2026/02/27 11:39:33.000+00,-25.3856583,-51.4964653
2026/02/27 11:39:37.000+00,-25.385683,-51.4964831
2026/02/27 11:39:42.000+00,-25.3857042,-51.4965042
2026/02/27 11:39:46.000+00,-25.385731,-51.4965249
2026/02/27 11:39:51.000+00,-25.3857374,-51.4965316
2026/02/27 11:39:55.000+00,-25.3857553,-51.4965628
2026/02/27 11:40:00.000+00,-25.3857548,-51.4965712
2026/02/27 11:40:05.000+00,-25.3857746,-51.4965712
2026/02/27 11:40:07.000+00,-25.385787,-51.4965787
2026/02/27 11:40:11.000+00,-25.3858134,-51.496596
2026/02/27 11:40:16.000+00,-25.3858455,-51.4966033
2026/02/27 11:40:20.000+00,-25.3858747,-51.4966142
2026/02/27 11:40:25.000+00,-25.3859116,-51.4966378
2026/02/27 11:40:29.000+00,-25.3859401,-51.4966554
2026/02/27 11:40:33.000+00,-25.3859713,-51.4966765
2026/02/27 11:40:37.000+00,-25.385995,-51.4966998
2026/02/27 11:40:42.000+00,-25.3860188,-51.496722
2026/02/27 11:40:44.000+00,-25.3860231,-51.496727
2026/02/27 11:40:48.000+00,-25.386047,-51.4967481
2026/02/27 11:40:53.000+00,-25.3860411,-51.4967554
2026/02/27 11:40:57.000+00,-25.3860463,-51.4967475
2026/02/27 11:41:02.000+00,-25.3860381,-51.496773
2026/02/27 11:41:07.000+00,-25.3860384,-51.4967681
2026/02/27 11:41:11.000+00,-25.3860105,-51.4967939
2026/02/27 11:41:15.000+00,-25.385987,-51.4967716
2026/02/27 11:41:20.000+00,-25.3859819,-51.4967655
2026/02/27 11:41:25.000+00,-25.3859566,-51.4967494
2026/02/27 11:41:29.000+00,-25.3859365,-51.4967441
2026/02/27 11:41:34.000+00,-25.3859056,-51.4967194
2026/02/27 11:41:37.000+00,-25.3858846,-51.4967042
2026/02/27 11:41:41.000+00,-25.3858675,-51.4966949
2026/02/27 11:41:46.000+00,-25.3858373,-51.4966767
2026/02/27 11:41:51.000+00,-25.3858045,-51.4966591
2026/02/27 11:41:55.000+00,-25.3857765,-51.4966368
2026/02/27 11:41:58.000+00,-25.38576,-51.4966272
2026/02/27 11:42:02.000+00,-25.3857358,-51.4966166
2026/02/27 11:42:06.000+00,-25.3857054,-51.4966087
2026/02/27 11:42:11.000+00,-25.3856869,-51.4965978
2026/02/27 11:42:16.000+00,-25.3856587,-51.4965772
2026/02/27 11:42:17.000+00,-25.385639,-51.4965588
2026/02/27 11:42:22.000+00,-25.3856044,-51.4965342
2026/02/27 11:42:26.000+00,-25.3855745,-51.4965177
2026/02/27 11:42:31.000+00,-25.3855425,-51.4965045
2026/02/27 11:42:35.000+00,-25.3855139,-51.4964917
2026/02/27 11:42:39.000+00,-25.3854839,-51.496475
2026/02/27 11:42:43.000+00,-25.3854549,-51.496457
2026/02/27 11:42:48.000+00,-25.3854252,-51.4964389
2026/02/27 11:42:52.000+00,-25.3854125,-51.4964279
2026/02/27 11:42:57.000+00,-25.3854075,-51.4964198
2026/02/27 11:43:02.000+00,-25.3854025,-51.4964199
2026/02/27 11:43:07.000+00,-25.3853951,-51.4964186
2026/02/27 11:43:12.000+00,-25.3853857,-51.4964126
2026/02/27 11:43:17.000+00,-25.3853843,-51.4964094
2026/02/27 11:43:22.000+00,-25.3853858,-51.4964082
2026/02/27 11:43:26.000+00,-25.3853842,-51.4964109
2026/02/27 11:43:31.000+00,-25.3853786,-51.4964089
2026/02/27 11:43:36.000+00,-25.3853677,-51.4964019
2026/02/27 11:43:41.000+00,-25.3853616,-51.4963973
2026/02/27 11:43:46.000+00,-25.3853509,-51.4963945
2026/02/27 11:43:51.000+00,-25.3853477,-51.4963965
2026/02/27 11:43:55.000+00,-25.3853388,-51.49639
2026/02/27 11:44:00.000+00,-25.3853342,-51.4963885
2026/02/27 11:44:04.000+00,-25.3853238,-51.4963894
2026/02/27 11:44:09.000+00,-25.3853239,-51.4963899
2026/02/27 11:44:13.000+00,-25.3853186,-51.4963971
2026/02/27 11:44:18.000+00,-25.3853101,-51.4964179
2026/02/27 11:44:22.000+00,-25.3853195,-51.496419
2026/02/27 11:44:27.000+00,-25.3853364,-51.4963874
2026/02/27 11:44:31.000+00,-25.3853303,-51.4963866
2026/02/27 11:44:36.000+00,-25.3853267,-51.4963842
2026/02/27 11:44:40.000+00,-25.3853253,-51.4963877
2026/02/27 11:44:45.000+00,-25.3853191,-51.4963914
2026/02/27 11:44:50.000+00,-25.3853176,-51.4963926
2026/02/27 11:44:55.000+00,-25.3853179,-51.4963915
2026/02/27 11:44:59.000+00,-25.385298,-51.4964303
2026/02/27 11:45:03.000+00,-25.3852809,-51.4964627
2026/02/27 11:45:08.000+00,-25.3852946,-51.4964877
2026/02/27 11:45:13.000+00,-25.3852995,-51.4964837
2026/02/27 11:45:18.000+00,-25.3852987,-51.4964814
2026/02/27 11:45:22.000+00,-25.3853036,-51.4964808
2026/02/27 11:45:26.000+00,-25.3853105,-51.4964821
2026/02/27 11:45:30.000+00,-25.3853199,-51.4964911
2026/02/27 11:45:35.000+00,-25.3853262,-51.4965038
2026/02/27 11:45:39.000+00,-25.3853316,-51.4965062
2026/02/27 11:45:43.000+00,-25.3853429,-51.496513
2026/02/27 11:45:48.000+00,-25.3853438,-51.496511
2026/02/27 11:45:52.000+00,-25.3853469,-51.4965159
2026/02/27 11:45:57.000+00,-25.3853574,-51.4965204
2026/02/27 11:46:02.000+00,-25.3853819,-51.4965294
2026/02/27 11:46:06.000+00,-25.3853861,-51.4965246
2026/02/27 11:46:11.000+00,-25.3853846,-51.4965388
2026/02/27 11:46:16.000+00,-25.3853841,-51.4965414
2026/02/27 11:46:20.000+00,-25.3854019,-51.4965483
2026/02/27 11:46:24.000+00,-25.3854115,-51.4965552
2026/02/27 11:46:29.000+00,-25.3854175,-51.4965632
2026/02/27 11:46:30.000+00,-25.3854233,-51.4965667
2026/02/27 11:46:34.000+00,-25.3854668,-51.4965892
2026/02/27 11:46:38.000+00,-25.3855038,-51.496612
2026/02/27 11:46:42.000+00,-25.3855369,-51.4966298
2026/02/27 11:46:44.000+00,-25.3855482,-51.4966362
2026/02/27 11:46:48.000+00,-25.385582,-51.4966557
2026/02/27 11:46:52.000+00,-25.3855889,-51.4966553
2026/02/27 11:46:57.000+00,-25.3856338,-51.4966766
2026/02/27 11:47:01.000+00,-25.3856676,-51.4966957
2026/02/27 11:47:03.000+00,-25.3856709,-51.4966999
2026/02/27 11:47:08.000+00,-25.3857025,-51.4967247
2026/02/27 11:47:12.000+00,-25.3857341,-51.4967473
2026/02/27 11:47:16.000+00,-25.3857641,-51.4967621
2026/02/27 11:47:19.000+00,-25.3857911,-51.4967728
2026/02/27 11:47:24.000+00,-25.3858241,-51.4968034
2026/02/27 11:47:28.000+00,-25.3858536,-51.4968259
2026/02/27 11:47:32.000+00,-25.3858896,-51.4968438
2026/02/27 11:47:35.000+00,-25.385905,-51.4968608
2026/02/27 11:47:39.000+00,-25.3859321,-51.4968852
2026/02/27 11:47:43.000+00,-25.385947,-51.4968915
2026/02/27 11:47:49.000+00,-25.3859551,-51.49689
2026/02/27 11:47:53.000+00,-25.3859609,-51.4968868
2026/02/27 11:47:57.000+00,-25.385979,-51.4968825
2026/02/27 11:48:02.000+00,-25.3859804,-51.4968796
2026/02/27 11:48:06.000+00,-25.3859808,-51.4968765
2026/02/27 11:48:11.000+00,-25.3859641,-51.4968931
2026/02/27 11:48:15.000+00,-25.3859757,-51.4969006
2026/02/27 11:48:20.000+00,-25.3859729,-51.4969001
2026/02/27 11:48:25.000+00,-25.385979,-51.4969014
2026/02/27 11:48:30.000+00,-25.38598,-51.4969023
2026/02/27 11:48:35.000+00,-25.3859812,-51.4969019
2026/02/27 11:48:40.000+00,-25.3859819,-51.4969011
2026/02/27 11:48:45.000+00,-25.3859805,-51.4969001
2026/02/27 11:48:49.000+00,-25.3859727,-51.4969172
2026/02/27 11:48:54.000+00,-25.3859649,-51.4969668
2026/02/27 11:48:58.000+00,-25.3859396,-51.4969969
2026/02/27 11:49:02.000+00,-25.3859113,-51.4970106
2026/02/27 11:49:07.000+00,-25.3858972,-51.4970125
2026/02/27 11:49:11.000+00,-25.3858954,-51.497009
2026/02/27 11:49:15.000+00,-25.3858849,-51.4970056
2026/02/27 11:49:21.000+00,-25.3858843,-51.4970038
2026/02/27 11:49:25.000+00,-25.3858716,-51.4969922
2026/02/27 11:49:30.000+00,-25.3858421,-51.4969743
2026/02/27 11:49:35.000+00,-25.3858106,-51.496969
2026/02/27 11:49:38.000+00,-25.3857877,-51.4969477
2026/02/27 11:49:43.000+00,-25.3857504,-51.4969273
2026/02/27 11:49:47.000+00,-25.3857188,-51.496913
2026/02/27 11:49:52.000+00,-25.3856854,-51.4968996
2026/02/27 11:49:56.000+00,-25.3856635,-51.4968797
2026/02/27 11:50:00.000+00,-25.3856397,-51.4968615
2026/02/27 11:50:05.000+00,-25.3856115,-51.4968421
2026/02/27 11:50:10.000+00,-25.3855955,-51.4968255
2026/02/27 11:50:14.000+00,-25.3855587,-51.4968034
2026/02/27 11:50:16.000+00,-25.3855452,-51.4968
2026/02/27 11:50:20.000+00,-25.38551,-51.4967865
2026/02/27 11:50:25.000+00,-25.3854836,-51.4967669
2026/02/27 11:50:29.000+00,-25.3854695,-51.4967589
2026/02/27 11:50:34.000+00,-25.3854444,-51.4967449
2026/02/27 11:50:39.000+00,-25.385438,-51.4967485
2026/02/27 11:50:42.000+00,-25.3854221,-51.4967373
2026/02/27 11:50:46.000+00,-25.3853998,-51.4967211
2026/02/27 11:50:50.000+00,-25.3853796,-51.4967064
2026/02/27 11:50:55.000+00,-25.3853499,-51.4966928
2026/02/27 11:50:59.000+00,-25.3853152,-51.4966774
2026/02/27 11:51:04.000+00,-25.3853054,-51.4966771
2026/02/27 11:51:09.000+00,-25.3853065,-51.4966737
2026/02/27 11:51:10.000+00,-25.3853009,-51.4966708
2026/02/27 11:51:15.000+00,-25.3852833,-51.4966609
2026/02/27 11:51:19.000+00,-25.3852645,-51.4966537
2026/02/27 11:51:24.000+00,-25.3852423,-51.4966515
2026/02/27 11:51:29.000+00,-25.3852306,-51.4966551
2026/02/27 11:51:33.000+00,-25.3852359,-51.4966491
2026/02/27 11:51:37.000+00,-25.3852349,-51.496651
2026/02/27 11:51:42.000+00,-25.3852286,-51.4966643
2026/02/27 11:51:46.000+00,-25.3852247,-51.4966705
2026/02/27 11:51:51.000+00,-25.3852233,-51.4966761
2026/02/27 11:51:56.000+00,-25.3852122,-51.4967008
2026/02/27 11:52:00.000+00,-25.3851964,-51.4967312
2026/02/27 11:52:04.000+00,-25.3851891,-51.4967494
2026/02/27 11:52:06.000+00,-25.3851874,-51.4967552
2026/02/27 11:52:11.000+00,-25.3851876,-51.4967644
2026/02/27 11:52:16.000+00,-25.3851869,-51.4967654
2026/02/27 11:52:21.000+00,-25.3851843,-51.496767
2026/02/27 11:52:26.000+00,-25.385187,-51.4967705
2026/02/27 11:52:31.000+00,-25.385192,-51.4967744
2026/02/27 11:52:36.000+00,-25.3851997,-51.4967784
2026/02/27 11:52:41.000+00,-25.3852085,-51.4967793
2026/02/27 11:52:45.000+00,-25.385228,-51.4967806
2026/02/27 11:52:49.000+00,-25.3852372,-51.4967832
2026/02/27 11:52:54.000+00,-25.3852406,-51.4967868
2026/02/27 11:52:58.000+00,-25.3852594,-51.4967911
2026/02/27 11:53:03.000+00,-25.385281,-51.4968074
2026/02/27 11:53:08.000+00,-25.3852739,-51.4968059
2026/02/27 11:53:13.000+00,-25.3852724,-51.4968059
2026/02/27 11:53:18.000+00,-25.3852714,-51.4968077
2026/02/27 11:53:22.000+00,-25.3852743,-51.4968123
2026/02/27 11:53:26.000+00,-25.3852851,-51.4968243
2026/02/27 11:53:29.000+00,-25.3853045,-51.4968406
2026/02/27 11:53:34.000+00,-25.3853197,-51.4968458
2026/02/27 11:53:39.000+00,-25.3853477,-51.4968635
2026/02/27 11:53:44.000+00,-25.3853847,-51.4968854
2026/02/27 11:53:49.000+00,-25.385411,-51.4968945
2026/02/27 11:53:54.000+00,-25.3854311,-51.4968988
2026/02/27 11:53:58.000+00,-25.3854414,-51.4969039
2026/02/27 11:54:03.000+00,-25.3854546,-51.4969062
2026/02/27 11:54:07.000+00,-25.3854607,-51.4969067
2026/02/27 11:54:12.000+00,-25.3854723,-51.4969209
2026/02/27 11:54:16.000+00,-25.3855089,-51.4969361
2026/02/27 11:54:21.000+00,-25.3855452,-51.4969524
2026/02/27 11:54:24.000+00,-25.3855576,-51.4969551
2026/02/27 11:54:29.000+00,-25.3855587,-51.4969522
2026/02/27 11:54:34.000+00,-25.3855626,-51.4969457
2026/02/27 11:54:39.000+00,-25.3855604,-51.4969457
2026/02/27 11:54:43.000+00,-25.3855531,-51.4969421
2026/02/27 11:54:48.000+00,-25.3855514,-51.4969418
2026/02/27 11:54:53.000+00,-25.3855516,-51.4969426
2026/02/27 11:54:58.000+00,-25.3855543,-51.4969464
2026/02/27 11:55:03.000+00,-25.3855585,-51.4969557
2026/02/27 11:55:08.000+00,-25.3855579,-51.4969583
2026/02/27 11:55:13.000+00,-25.3855572,-51.4969611
2026/02/27 11:55:17.000+00,-25.3855559,-51.4969602
2026/02/27 11:55:22.000+00,-25.3855566,-51.4969628
2026/02/27 11:55:27.000+00,-25.3855565,-51.4969628
2026/02/27 11:55:32.000+00,-25.3855543,-51.4969618
2026/02/27 11:55:42.000+00,-25.3855544,-51.4969618
2026/02/27 11:55:47.000+00,-25.385543,-51.4969524
2026/02/27 11:55:52.000+00,-25.3855452,-51.4969476
2026/02/27 11:55:57.000+00,-25.3855473,-51.4969522
2026/02/27 11:56:02.000+00,-25.3855481,-51.4969511
2026/02/27 11:56:06.000+00,-25.3855501,-51.4969495
2026/02/27 11:56:11.000+00,-25.3855514,-51.4969502
2026/02/27 11:56:16.000+00,-25.3855518,-51.496951
2026/02/27 11:56:26.000+00,-25.38555,-51.4969502
2026/02/27 11:56:31.000+00,-25.3855455,-51.4969546
2026/02/27 11:56:36.000+00,-25.3855444,-51.4969566
2026/02/27 11:56:41.000+00,-25.3855442,-51.4969569
2026/02/27 11:56:46.000+00,-25.3855442,-51.4969571
2026/02/27 11:56:51.000+00,-25.3855441,-51.4969572
2026/02/27 11:57:11.000+00,-25.3855443,-51.4969518
2026/02/27 11:57:16.000+00,-25.385548,-51.49695
2026/02/27 11:57:21.000+00,-25.3855888,-51.496978
2026/02/27 11:57:26.000+00,-25.385605,-51.4969812
2026/02/27 11:57:31.000+00,-25.3856218,-51.4969811
2026/02/27 11:57:36.000+00,-25.3856205,-51.4969793
2026/02/27 11:57:40.000+00,-25.3856267,-51.4969843
2026/02/27 11:57:44.000+00,-25.3856518,-51.4970198
2026/02/27 11:57:48.000+00,-25.3856816,-51.4970315
2026/02/27 11:57:53.000+00,-25.3857166,-51.4970444
2026/02/27 11:57:57.000+00,-25.3857428,-51.4970447
2026/02/27 11:58:01.000+00,-25.3857717,-51.4970632
2026/02/27 11:58:06.000+00,-25.3857991,-51.4970862
2026/02/27 11:58:08.000+00,-25.3858091,-51.4970899
2026/02/27 11:58:13.000+00,-25.3858383,-51.4971045
2026/02/27 11:58:18.000+00,-25.3858314,-51.4971005
2026/02/27 11:58:22.000+00,-25.3858337,-51.4971132
2026/02/27 11:58:27.000+00,-25.3858388,-51.4971164
2026/02/27 11:58:32.000+00,-25.3858512,-51.497129
2026/02/27 11:58:36.000+00,-25.3858578,-51.4971677
2026/02/27 11:58:40.000+00,-25.385847,-51.497194
2026/02/27 11:58:45.000+00,-25.3858333,-51.4972129
2026/02/27 11:58:49.000+00,-25.385824,-51.4972165
2026/02/27 11:58:54.000+00,-25.3858078,-51.4972279
2026/02/27 11:58:58.000+00,-25.3857773,-51.4972164
2026/02/27 11:59:03.000+00,-25.3857297,-51.4972025
2026/02/27 11:59:05.000+00,-25.3857142,-51.4972005
2026/02/27 11:59:09.000+00,-25.3856838,-51.4971932
2026/02/27 11:59:14.000+00,-25.3856589,-51.4971795
2026/02/27 11:59:18.000+00,-25.3856391,-51.4971638
2026/02/27 11:59:23.000+00,-25.3856163,-51.4971446
2026/02/27 11:59:27.000+00,-25.3856138,-51.4971447
2026/02/27 11:59:32.000+00,-25.3856034,-51.4971415
2026/02/27 11:59:34.000+00,-25.3855885,-51.4971345
2026/02/27 11:59:38.000+00,-25.3855568,-51.4971151
2026/02/27 11:59:43.000+00,-25.3855266,-51.4970947
2026/02/27 11:59:47.000+00,-25.3855096,-51.4970888
2026/02/27 11:59:52.000+00,-25.3854804,-51.4970749
2026/02/27 11:59:53.000+00,-25.3854657,-51.4970662
2026/02/27 11:59:58.000+00,-25.3854318,-51.4970491
2026/02/27 12:00:02.000+00,-25.3853908,-51.4970356
2026/02/27 12:00:07.000+00,-25.3853563,-51.4970181
2026/02/27 12:00:14.000+00,-25.3853485,-51.4970094
2026/02/27 12:00:18.000+00,-25.3853462,-51.4970071
2026/02/27 12:00:22.000+00,-25.3853382,-51.497009
2026/02/27 12:00:27.000+00,-25.3853329,-51.4970043
2026/02/27 12:00:32.000+00,-25.3853296,-51.4969953
2026/02/27 12:00:37.000+00,-25.3853213,-51.4969967
2026/02/27 12:00:42.000+00,-25.3853207,-51.4969921
2026/02/27 12:00:47.000+00,-25.3853001,-51.4969889
2026/02/27 12:00:52.000+00,-25.3852612,-51.496979
2026/02/27 12:00:57.000+00,-25.3852332,-51.4969697
2026/02/27 12:01:01.000+00,-25.3852111,-51.4969618
2026/02/27 12:01:02.000+00,-25.3852074,-51.49696
2026/02/27 12:01:06.000+00,-25.3851804,-51.4969347
2026/02/27 12:01:11.000+00,-25.3851554,-51.4969107
2026/02/27 12:01:15.000+00,-25.3851437,-51.4968762
2026/02/27 12:01:20.000+00,-25.3851403,-51.4968702
2026/02/27 12:01:24.000+00,-25.3851402,-51.4968708
2026/02/27 12:01:28.000+00,-25.3851422,-51.4968717
2026/02/27 12:01:33.000+00,-25.3851421,-51.4968721
2026/02/27 12:01:37.000+00,-25.385131,-51.4968706
2026/02/27 12:01:42.000+00,-25.3851251,-51.4968795
2026/02/27 12:01:46.000+00,-25.3851221,-51.4969072
2026/02/27 12:01:50.000+00,-25.3851179,-51.4969348
2026/02/27 12:01:55.000+00,-25.3851291,-51.4969323
2026/02/27 12:02:00.000+00,-25.3851318,-51.4969364
2026/02/27 12:02:05.000+00,-25.3851393,-51.4969462
2026/02/27 12:02:09.000+00,-25.3851834,-51.496981
2026/02/27 12:02:14.000+00,-25.3852102,-51.4969967
2026/02/27 12:02:19.000+00,-25.3852416,-51.496992
2026/02/27 12:02:23.000+00,-25.3852696,-51.4970055
2026/02/27 12:02:27.000+00,-25.3853057,-51.4970275
2026/02/27 12:02:30.000+00,-25.3853279,-51.497041
2026/02/27 12:02:35.000+00,-25.3853544,-51.4970564
2026/02/27 12:02:39.000+00,-25.385387,-51.497076
2026/02/27 12:02:43.000+00,-25.3854129,-51.4970927
2026/02/27 12:02:48.000+00,-25.3854179,-51.4970987
2026/02/27 12:02:52.000+00,-25.3854239,-51.4970858
2026/02/27 12:02:56.000+00,-25.3854499,-51.4971045
2026/02/27 12:02:57.000+00,-25.3854531,-51.4971112
2026/02/27 12:03:01.000+00,-25.385495,-51.4971225
2026/02/27 12:03:06.000+00,-25.3855292,-51.4971416
2026/02/27 12:03:10.000+00,-25.3855566,-51.497159
2026/02/27 12:03:15.000+00,-25.3855838,-51.4971708
2026/02/27 12:03:19.000+00,-25.3855911,-51.4971725
2026/02/27 12:03:23.000+00,-25.3856051,-51.4971779
2026/02/27 12:03:28.000+00,-25.3856524,-51.4971963
2026/02/27 12:03:32.000+00,-25.3856681,-51.4972063
2026/02/27 12:03:36.000+00,-25.3856799,-51.497212
2026/02/27 12:03:41.000+00,-25.3857124,-51.4972226
2026/02/27 12:03:45.000+00,-25.3857441,-51.4972512
2026/02/27 12:03:49.000+00,-25.3857751,-51.4972706
2026/02/27 12:03:53.000+00,-25.3857958,-51.4972805
2026/02/27 12:03:58.000+00,-25.3858029,-51.4972719
2026/02/27 12:04:03.000+00,-25.385803,-51.4972735
2026/02/27 12:04:07.000+00,-25.385809,-51.4972691
2026/02/27 12:04:12.000+00,-25.3858054,-51.4972676
2026/02/27 12:04:17.000+00,-25.3858052,-51.4972662
2026/02/27 12:04:22.000+00,-25.3858054,-51.4972667
2026/02/27 12:04:26.000+00,-25.3858081,-51.4972685
2026/02/27 12:04:31.000+00,-25.3858102,-51.4972702
2026/02/27 12:04:36.000+00,-25.3858097,-51.4972705
2026/02/27 12:04:41.000+00,-25.3858061,-51.4972707
2026/02/27 12:04:46.000+00,-25.3858045,-51.4972712
2026/02/27 12:04:50.000+00,-25.3858042,-51.497271
2026/02/27 12:04:55.000+00,-25.3858054,-51.49727
2026/02/27 12:04:59.000+00,-25.3858048,-51.4972693
2026/02/27 12:05:04.000+00,-25.3858058,-51.4972692
2026/02/27 12:05:09.000+00,-25.385806,-51.4972692
2026/02/27 12:05:24.000+00,-25.3858088,-51.4972679
2026/02/27 12:05:39.000+00,-25.3858114,-51.4972659
2026/02/27 12:06:29.000+00,-25.3858102,-51.4972657
2026/02/27 12:06:33.000+00,-25.3858103,-51.4972663
2026/02/27 12:06:37.000+00,-25.3857879,-51.4973013
2026/02/27 12:06:41.000+00,-25.3857624,-51.4973418
2026/02/27 12:06:44.000+00,-25.3857544,-51.4973663
2026/02/27 12:06:49.000+00,-25.3857552,-51.4973696
2026/02/27 12:06:54.000+00,-25.3857605,-51.4973631
2026/02/27 12:06:59.000+00,-25.3857624,-51.4973608
2026/02/27 12:07:04.000+00,-25.3857632,-51.4973567
2026/02/27 12:07:09.000+00,-25.3857631,-51.4973565
2026/02/27 12:07:14.000+00,-25.3857631,-51.4973564
2026/02/27 12:07:19.000+00,-25.3857632,-51.4973563
2026/02/27 12:07:23.000+00,-25.3857631,-51.4973564
2026/02/27 12:07:28.000+00,-25.3857632,-51.4973563
2026/02/27 12:08:26.000+00,-25.3857568,-51.4973493
2026/02/27 12:08:31.000+00,-25.3857566,-51.4973489
2026/02/27 12:09:28.000+00,-25.3857522,-51.4973535
2026/02/27 12:09:32.000+00,-25.3857542,-51.4973556
2026/02/27 12:09:37.000+00,-25.3857579,-51.497357
2026/02/27 12:09:42.000+00,-25.3857649,-51.4973591
2026/02/27 12:09:47.000+00,-25.3857671,-51.4973604
2026/02/27 12:09:52.000+00,-25.3857673,-51.4973603
2026/02/27 12:09:57.000+00,-25.3857652,-51.4973574
2026/02/27 12:10:02.000+00,-25.3857652,-51.4973553
2026/02/27 12:10:06.000+00,-25.3857631,-51.4973526
2026/02/27 12:10:11.000+00,-25.3857622,-51.4973524
2026/02/27 12:10:16.000+00,-25.3857625,-51.4973525
2026/02/27 12:10:21.000+00,-25.3857625,-51.497352
2026/02/27 12:10:26.000+00,-25.3857625,-51.4973519
2026/02/27 12:11:01.000+00,-25.3857776,-51.4973228
2026/02/27 12:11:06.000+00,-25.3858049,-51.4972832
2026/02/27 12:11:11.000+00,-25.3858192,-51.4972432
2026/02/27 12:11:11.000+00,-25.3858191,-51.4972325
2026/02/27 12:11:15.000+00,-25.385807,-51.4971815
2026/02/27 12:11:20.000+00,-25.3858074,-51.4971675
2026/02/27 12:11:26.000+00,-25.3858194,-51.4971679
2026/02/27 12:11:30.000+00,-25.3858242,-51.4971666
2026/02/27 12:11:35.000+00,-25.3858242,-51.4971676
2026/02/27 12:11:39.000+00,-25.3858471,-51.4971532
2026/02/27 12:11:44.000+00,-25.3858852,-51.4971243
2026/02/27 12:11:46.000+00,-25.3858938,-51.4971059
2026/02/27 12:11:50.000+00,-25.3858993,-51.4970548
2026/02/27 12:11:54.000+00,-25.3859138,-51.497016
2026/02/27 12:11:58.000+00,-25.3859321,-51.4969783
2026/02/27 12:12:00.000+00,-25.3859409,-51.4969595
2026/02/27 12:12:04.000+00,-25.3859579,-51.4969252
2026/02/27 12:12:09.000+00,-25.3859733,-51.4968884
2026/02/27 12:12:13.000+00,-25.3859933,-51.4968494
2026/02/27 12:12:16.000+00,-25.3860107,-51.4968307
2026/02/27 12:12:21.000+00,-25.3860219,-51.496797
2026/02/27 12:12:25.000+00,-25.3860275,-51.4967576
2026/02/27 12:12:30.000+00,-25.386025,-51.496757
2026/02/27 12:12:35.000+00,-25.3860313,-51.4967652
2026/02/27 12:12:40.000+00,-25.3860313,-51.4967677
2026/02/27 12:12:44.000+00,-25.3860314,-51.496767
2026/02/27 12:12:49.000+00,-25.3860343,-51.4967636
2026/02/27 12:12:54.000+00,-25.386026,-51.4967648
2026/02/27 12:12:59.000+00,-25.3860241,-51.4967651
2026/02/27 12:13:04.000+00,-25.3860228,-51.4967587
2026/02/27 12:13:09.000+00,-25.3860161,-51.4967543
2026/02/27 12:13:14.000+00,-25.3860042,-51.4967386
2026/02/27 12:13:18.000+00,-25.385983,-51.4967256
2026/02/27 12:13:23.000+00,-25.3859589,-51.4967099
2026/02/27 12:13:27.000+00,-25.3859494,-51.4967045
2026/02/27 12:13:28.000+00,-25.3859428,-51.4967014
2026/02/27 12:13:33.000+00,-25.3859205,-51.4966863
2026/02/27 12:13:37.000+00,-25.38589,-51.4966681
2026/02/27 12:13:42.000+00,-25.38586,-51.4966468
2026/02/27 12:13:47.000+00,-25.3858427,-51.4966321
2026/02/27 12:13:50.000+00,-25.3858283,-51.4966206
2026/02/27 12:13:54.000+00,-25.3858085,-51.4966076
2026/02/27 12:13:59.000+00,-25.3857755,-51.4965903
2026/02/27 12:14:04.000+00,-25.3857384,-51.4965662
2026/02/27 12:14:09.000+00,-25.3857235,-51.4965561
2026/02/27 12:14:13.000+00,-25.385697,-51.4965448
2026/02/27 12:14:17.000+00,-25.3856507,-51.4965199
2026/02/27 12:14:22.000+00,-25.3856417,-51.4965258
2026/02/27 12:14:27.000+00,-25.3856403,-51.4965247
2026/02/27 12:14:32.000+00,-25.3856408,-51.4965248
2026/02/27 12:14:37.000+00,-25.3856391,-51.4965243
2026/02/27 12:14:42.000+00,-25.385639,-51.4965262
2026/02/27 12:14:47.000+00,-25.3856382,-51.4965264
2026/02/27 12:14:52.000+00,-25.3856402,-51.4965256
2026/02/27 12:14:56.000+00,-25.3856393,-51.4965281
2026/02/27 12:15:00.000+00,-25.3856412,-51.4965138
2026/02/27 12:15:05.000+00,-25.3856198,-51.4965143
2026/02/27 12:15:09.000+00,-25.3855918,-51.496507
2026/02/27 12:15:14.000+00,-25.3855761,-51.4964891
2026/02/27 12:15:19.000+00,-25.3855754,-51.4964855
2026/02/27 12:15:20.000+00,-25.3855736,-51.4964833
2026/02/27 12:15:24.000+00,-25.3855642,-51.4964766
2026/02/27 12:15:28.000+00,-25.3855281,-51.4964421
2026/02/27 12:15:32.000+00,-25.3855165,-51.496438
2026/02/27 12:15:37.000+00,-25.3854839,-51.4964222
2026/02/27 12:15:40.000+00,-25.3854532,-51.4964055
2026/02/27 12:15:44.000+00,-25.3854268,-51.4963882
2026/02/27 12:15:48.000+00,-25.3854081,-51.4963777
2026/02/27 12:15:53.000+00,-25.3853989,-51.4963788
2026/02/27 12:15:58.000+00,-25.3853949,-51.4963847
2026/02/27 12:16:02.000+00,-25.3853884,-51.4963914
2026/02/27 12:16:06.000+00,-25.3853829,-51.4963984
2026/02/27 12:16:11.000+00,-25.3853814,-51.4964065
2026/02/27 12:16:16.000+00,-25.3853694,-51.49643
2026/02/27 12:16:21.000+00,-25.3853634,-51.4964403
2026/02/27 12:16:26.000+00,-25.3853573,-51.4964587
2026/02/27 12:16:30.000+00,-25.3853522,-51.4964735
2026/02/27 12:16:35.000+00,-25.3853519,-51.4964775
2026/02/27 12:16:39.000+00,-25.3853512,-51.4964793
2026/02/27 12:16:44.000+00,-25.3853502,-51.4964796
2026/02/27 12:16:49.000+00,-25.3853483,-51.4964794
2026/02/27 12:16:59.000+00,-25.3853483,-51.4964777
2026/02/27 12:17:04.000+00,-25.3853556,-51.4964881
2026/02/27 12:17:09.000+00,-25.3853561,-51.4964883
2026/02/27 12:17:14.000+00,-25.3853574,-51.4964782
2026/02/27 12:17:19.000+00,-25.3853575,-51.4964783
2026/02/27 12:17:34.000+00,-25.3853578,-51.4964815
2026/02/27 12:17:38.000+00,-25.3853693,-51.4964928
2026/02/27 12:17:43.000+00,-25.3853794,-51.4965026
2026/02/27 12:17:48.000+00,-25.3853979,-51.4965047
2026/02/27 12:17:53.000+00,-25.3854054,-51.4965011
2026/02/27 12:17:57.000+00,-25.3854212,-51.4965022
2026/02/27 12:18:02.000+00,-25.3854323,-51.4965056
2026/02/27 12:18:07.000+00,-25.3854358,-51.4965055
2026/02/27 12:18:12.000+00,-25.3854322,-51.4964916
2026/02/27 12:18:17.000+00,-25.3854234,-51.4964894
2026/02/27 12:18:22.000+00,-25.3854217,-51.4964871
2026/02/27 12:18:27.000+00,-25.3854323,-51.496495
2026/02/27 12:18:32.000+00,-25.385472,-51.4965147
2026/02/27 12:18:36.000+00,-25.3855102,-51.4965391
2026/02/27 12:18:37.000+00,-25.3855156,-51.4965429
2026/02/27 12:18:41.000+00,-25.385539,-51.496555
2026/02/27 12:18:45.000+00,-25.3855687,-51.4965758
2026/02/27 12:18:50.000+00,-25.3856018,-51.4965998
2026/02/27 12:18:54.000+00,-25.3856361,-51.4966191
2026/02/27 12:18:58.000+00,-25.3856751,-51.4966376
2026/02/27 12:19:02.000+00,-25.3857048,-51.496654
2026/02/27 12:19:07.000+00,-25.3857192,-51.4966559
2026/02/27 12:19:12.000+00,-25.3857419,-51.4966713
2026/02/27 12:19:16.000+00,-25.3857576,-51.4966846
2026/02/27 12:19:16.000+00,-25.3857582,-51.4966852
2026/02/27 12:19:20.000+00,-25.3857841,-51.4967067
2026/02/27 12:19:25.000+00,-25.3858063,-51.4967175
2026/02/27 12:19:30.000+00,-25.3858161,-51.4967274
2026/02/27 12:19:34.000+00,-25.3858683,-51.4967777
2026/02/27 12:19:39.000+00,-25.3859036,-51.4967969
2026/02/27 12:19:43.000+00,-25.3859361,-51.4968128
2026/02/27 12:19:47.000+00,-25.385962,-51.4968319
2026/02/27 12:19:52.000+00,-25.3859743,-51.4968384
2026/02/27 12:19:57.000+00,-25.3859709,-51.496838
2026/02/27 12:20:01.000+00,-25.3859664,-51.496845
2026/02/27 12:20:06.000+00,-25.3859655,-51.4968412
2026/02/27 12:20:10.000+00,-25.385953,-51.4968648
2026/02/27 12:20:14.000+00,-25.3859523,-51.4968817
2026/02/27 12:20:19.000+00,-25.3859468,-51.4969008
2026/02/27 12:20:24.000+00,-25.3859433,-51.4969093
2026/02/27 12:20:29.000+00,-25.3859515,-51.496903
2026/02/27 12:20:34.000+00,-25.3859494,-51.4969085
2026/02/27 12:20:39.000+00,-25.3859433,-51.4969168
2026/02/27 12:20:43.000+00,-25.3859391,-51.4969295
2026/02/27 12:20:47.000+00,-25.3859344,-51.4969317
2026/02/27 12:20:52.000+00,-25.3859308,-51.4969331
2026/02/27 12:20:57.000+00,-25.3859257,-51.4969331
2026/02/27 12:21:02.000+00,-25.3859111,-51.4969331
2026/02/27 12:21:06.000+00,-25.3858986,-51.4969314
2026/02/27 12:21:11.000+00,-25.3858923,-51.4969298
2026/02/27 12:21:15.000+00,-25.3858903,-51.4969284
2026/02/27 12:21:20.000+00,-25.3858894,-51.4969275
2026/02/27 12:21:25.000+00,-25.3858896,-51.4969282
2026/02/27 12:21:29.000+00,-25.3858955,-51.4969337
2026/02/27 12:21:34.000+00,-25.3859038,-51.4969411
2026/02/27 12:21:38.000+00,-25.3859068,-51.4969422
2026/02/27 12:21:43.000+00,-25.3859092,-51.4969428
2026/02/27 12:21:48.000+00,-25.3859074,-51.4969441
2026/02/27 12:21:53.000+00,-25.3859043,-51.496944
2026/02/27 12:21:58.000+00,-25.3859098,-51.4969455
2026/02/27 12:22:03.000+00,-25.3859096,-51.4969453
2026/02/27 12:22:08.000+00,-25.3859094,-51.4969456
2026/02/27 12:22:13.000+00,-25.3859082,-51.4969452
2026/02/27 12:22:18.000+00,-25.3859082,-51.4969449
2026/02/27 12:22:23.000+00,-25.3859092,-51.4969473
2026/02/27 12:22:33.000+00,-25.3859062,-51.4969475
2026/02/27 12:22:38.000+00,-25.3859059,-51.4969473
2026/02/27 12:22:43.000+00,-25.3859017,-51.4969395
2026/02/27 12:22:48.000+00,-25.3858961,-51.4969424
2026/02/27 12:22:52.000+00,-25.3858915,-51.496936
2026/02/27 12:22:57.000+00,-25.3858663,-51.4969358
2026/02/27 12:23:01.000+00,-25.3858335,-51.4969062
2026/02/27 12:23:05.000+00,-25.3858116,-51.496891
2026/02/27 12:23:09.000+00,-25.3857947,-51.4968839
2026/02/27 12:23:13.000+00,-25.3857786,-51.4968784
2026/02/27 12:23:18.000+00,-25.385769,-51.4968716
2026/02/27 12:23:23.000+00,-25.3857571,-51.4968628
2026/02/27 12:23:27.000+00,-25.385712,-51.4968329
2026/02/27 12:23:30.000+00,-25.3856915,-51.4968195
2026/02/27 12:23:34.000+00,-25.3856632,-51.4968023
2026/02/27 12:23:39.000+00,-25.3856401,-51.4967869
2026/02/27 12:23:43.000+00,-25.3856085,-51.4967721
2026/02/27 12:23:47.000+00,-25.3855808,-51.496754
2026/02/27 12:23:48.000+00,-25.3855702,-51.4967467
2026/02/27 12:23:53.000+00,-25.3855438,-51.4967296
2026/02/27 12:23:57.000+00,-25.3855173,-51.4967153
2026/02/27 12:24:02.000+00,-25.3854975,-51.4967042
2026/02/27 12:24:06.000+00,-25.3854718,-51.4966891
2026/02/27 12:24:11.000+00,-25.3854511,-51.4966796
2026/02/27 12:24:12.000+00,-25.3854489,-51.4966788
2026/02/27 12:24:17.000+00,-25.3854292,-51.4966712
2026/02/27 12:24:21.000+00,-25.385389,-51.4966488
2026/02/27 12:24:25.000+00,-25.3853524,-51.4966285
2026/02/27 12:24:30.000+00,-25.385338,-51.4966194
2026/02/27 12:24:35.000+00,-25.3853293,-51.496619
2026/02/27 12:24:40.000+00,-25.3853258,-51.4966195
2026/02/27 12:24:40.000+00,-25.3853221,-51.4966187
2026/02/27 12:24:44.000+00,-25.3853166,-51.496617
2026/02/27 12:24:49.000+00,-25.3853094,-51.4966105
2026/02/27 12:24:54.000+00,-25.385299,-51.4965974
2026/02/27 12:24:59.000+00,-25.3852884,-51.496597
2026/02/27 12:25:04.000+00,-25.3852724,-51.4965963
2026/02/27 12:25:09.000+00,-25.3852776,-51.4965969
2026/02/27 12:25:14.000+00,-25.3852772,-51.4965981
2026/02/27 12:25:18.000+00,-25.3852617,-51.4966211
2026/02/27 12:25:23.000+00,-25.3852452,-51.4966439
2026/02/27 12:25:27.000+00,-25.3852404,-51.4966535
2026/02/27 12:25:31.000+00,-25.3852296,-51.496675
2026/02/27 12:25:36.000+00,-25.3852264,-51.4967032
2026/02/27 12:25:40.000+00,-25.3852289,-51.4967066
2026/02/27 12:25:45.000+00,-25.3852344,-51.496705
2026/02/27 12:25:50.000+00,-25.3852329,-51.4967046
2026/02/27 12:25:54.000+00,-25.3852285,-51.4967084
2026/02/27 12:25:59.000+00,-25.3852283,-51.4967103
2026/02/27 12:26:03.000+00,-25.3852282,-51.4967095
2026/02/27 12:26:08.000+00,-25.3852272,-51.4967058
2026/02/27 12:26:13.000+00,-25.3852264,-51.4967042
2026/02/27 12:26:18.000+00,-25.3852259,-51.4967039
2026/02/27 12:26:23.000+00,-25.3852274,-51.4967027
2026/02/27 12:26:27.000+00,-25.3852279,-51.4967018
2026/02/27 12:26:31.000+00,-25.3852291,-51.4967063
2026/02/27 12:26:36.000+00,-25.3852285,-51.4967117
2026/02/27 12:26:41.000+00,-25.3852311,-51.4967182
2026/02/27 12:26:45.000+00,-25.3852436,-51.4967243
2026/02/27 12:26:49.000+00,-25.3852511,-51.4967312
2026/02/27 12:26:54.000+00,-25.3852525,-51.4967372
2026/02/27 12:26:58.000+00,-25.3852601,-51.4967396
2026/02/27 12:27:03.000+00,-25.3852706,-51.4967436
2026/02/27 12:27:07.000+00,-25.3852771,-51.4967476
2026/02/27 12:27:12.000+00,-25.3852794,-51.4967501
2026/02/27 12:27:17.000+00,-25.3852872,-51.4967567
2026/02/27 12:27:22.000+00,-25.3853054,-51.4967679
2026/02/27 12:27:26.000+00,-25.3853361,-51.4967838
2026/02/27 12:27:31.000+00,-25.3853508,-51.4967846
2026/02/27 12:27:35.000+00,-25.3853858,-51.4967989
2026/02/27 12:27:40.000+00,-25.3854057,-51.4968152
2026/02/27 12:27:44.000+00,-25.3854192,-51.4968303
2026/02/27 12:27:47.000+00,-25.3854276,-51.4968413
2026/02/27 12:27:52.000+00,-25.3854352,-51.4968495
2026/02/27 12:27:56.000+00,-25.3854459,-51.4968636
2026/02/27 12:28:01.000+00,-25.3854591,-51.4968653
2026/02/27 12:28:06.000+00,-25.3854682,-51.4968649
2026/02/27 12:28:10.000+00,-25.3855052,-51.4968815
2026/02/27 12:28:15.000+00,-25.3855398,-51.4969034
2026/02/27 12:28:15.000+00,-25.3855494,-51.4969111
2026/02/27 12:28:19.000+00,-25.3855585,-51.4969197
2026/02/27 12:28:24.000+00,-25.3855934,-51.4969262
2026/02/27 12:28:28.000+00,-25.3856072,-51.4969228
2026/02/27 12:28:33.000+00,-25.3856189,-51.4969257
2026/02/27 12:28:37.000+00,-25.3856121,-51.4969303
2026/02/27 12:28:41.000+00,-25.3856095,-51.4969323
2026/02/27 12:28:46.000+00,-25.3856063,-51.4969322
2026/02/27 12:28:50.000+00,-25.3856056,-51.4969333
2026/02/27 12:28:55.000+00,-25.3856089,-51.4969366
2026/02/27 12:28:59.000+00,-25.3856095,-51.4969385
2026/02/27 12:29:04.000+00,-25.38561,-51.4969401
2026/02/27 12:29:08.000+00,-25.3856089,-51.4969449
2026/02/27 12:29:13.000+00,-25.3856122,-51.4969409
2026/02/27 12:29:18.000+00,-25.3856129,-51.4969407
2026/02/27 12:29:23.000+00,-25.3856119,-51.4969402
2026/02/27 12:29:28.000+00,-25.3856127,-51.4969404
2026/02/27 12:29:33.000+00,-25.3856123,-51.4969392
2026/02/27 12:29:38.000+00,-25.3856082,-51.4969377
2026/02/27 12:29:43.000+00,-25.3856074,-51.4969374
2026/02/27 12:29:48.000+00,-25.3856081,-51.496935
2026/02/27 12:29:52.000+00,-25.3856104,-51.496933
2026/02/27 12:29:57.000+00,-25.385607,-51.4969359
2026/02/27 12:30:01.000+00,-25.3856068,-51.496936
2026/02/27 12:30:06.000+00,-25.3856067,-51.4969361
2026/02/27 12:30:10.000+00,-25.3856348,-51.4969434
2026/02/27 12:30:15.000+00,-25.3856573,-51.4969636
2026/02/27 12:30:20.000+00,-25.3856756,-51.496973
2026/02/27 12:30:24.000+00,-25.3857178,-51.4969981
2026/02/27 12:30:28.000+00,-25.3857492,-51.4970134
2026/02/27 12:30:32.000+00,-25.3857777,-51.4970288
2026/02/27 12:30:35.000+00,-25.3857993,-51.497039
2026/02/27 12:30:40.000+00,-25.3858215,-51.4970554
2026/02/27 12:30:45.000+00,-25.3858247,-51.4970539
2026/02/27 12:30:50.000+00,-25.3858432,-51.497073
2026/02/27 12:30:54.000+00,-25.3858395,-51.4970745
2026/02/27 12:30:59.000+00,-25.3858359,-51.497075
2026/02/27 12:31:03.000+00,-25.3858349,-51.4970882
2026/02/27 12:31:07.000+00,-25.3858354,-51.4971024
2026/02/27 12:31:11.000+00,-25.3858316,-51.4971149
2026/02/27 12:31:16.000+00,-25.3858287,-51.4971292
2026/02/27 12:31:20.000+00,-25.3858195,-51.4971514
2026/02/27 12:31:25.000+00,-25.3858087,-51.4971607
2026/02/27 12:31:29.000+00,-25.3858083,-51.49715
2026/02/27 12:31:33.000+00,-25.3857762,-51.4971331
2026/02/27 12:31:37.000+00,-25.3857451,-51.4971185
2026/02/27 12:31:41.000+00,-25.3857249,-51.4971091
2026/02/27 12:31:46.000+00,-25.3856919,-51.4970974
2026/02/27 12:31:50.000+00,-25.385679,-51.4970953
2026/02/27 12:31:54.000+00,-25.3856857,-51.4970985
2026/02/27 12:31:59.000+00,-25.3856785,-51.4970945
2026/02/27 12:32:01.000+00,-25.3856722,-51.4970922
2026/02/27 12:32:06.000+00,-25.3856331,-51.4970789
2026/02/27 12:32:10.000+00,-25.3856141,-51.4970722
2026/02/27 12:32:15.000+00,-25.3855909,-51.4970625
2026/02/27 12:32:20.000+00,-25.3855529,-51.4970444
2026/02/27 12:32:21.000+00,-25.3855452,-51.4970395
2026/02/27 12:32:25.000+00,-25.3855089,-51.4970237
2026/02/27 12:32:30.000+00,-25.3854777,-51.4970067
2026/02/27 12:32:35.000+00,-25.3854491,-51.4969904
2026/02/27 12:32:39.000+00,-25.3854569,-51.4969853
2026/02/27 12:32:44.000+00,-25.3854527,-51.4969862
2026/02/27 12:32:49.000+00,-25.3854506,-51.4969872
2026/02/27 12:32:53.000+00,-25.3854456,-51.4969882
2026/02/27 12:32:56.000+00,-25.3854165,-51.4969811
2026/02/27 12:33:01.000+00,-25.3853695,-51.4969583
2026/02/27 12:33:05.000+00,-25.385341,-51.4969368
2026/02/27 12:33:09.000+00,-25.3853193,-51.49693
2026/02/27 12:33:13.000+00,-25.3852952,-51.4969171
2026/02/27 12:33:16.000+00,-25.3852953,-51.4969114
2026/02/27 12:33:21.000+00,-25.3852868,-51.4969028
2026/02/27 12:33:25.000+00,-25.3852466,-51.4968876
2026/02/27 12:33:30.000+00,-25.3852308,-51.4968724
2026/02/27 12:33:35.000+00,-25.3852394,-51.4968815
2026/02/27 12:33:40.000+00,-25.3852448,-51.4968843
2026/02/27 12:33:46.000+00,-25.3852459,-51.4968856
2026/02/27 12:33:51.000+00,-25.385247,-51.4968867
2026/02/27 12:33:56.000+00,-25.3852447,-51.4968858
2026/02/27 12:34:01.000+00,-25.3852418,-51.496888
2026/02/27 12:34:05.000+00,-25.3852336,-51.4968864
2026/02/27 12:34:10.000+00,-25.3852333,-51.4968853
2026/02/27 12:34:15.000+00,-25.3852333,-51.4968839
2026/02/27 12:34:20.000+00,-25.3852357,-51.4968822
2026/02/27 12:34:25.000+00,-25.3852379,-51.4968803
2026/02/27 12:34:29.000+00,-25.3852376,-51.4968815
2026/02/27 12:34:34.000+00,-25.3852376,-51.4968817
2026/02/27 12:34:42.000+00,-25.3852376,-51.4968818
2026/02/27 12:34:46.000+00,-25.3852385,-51.4968803
2026/02/27 12:34:51.000+00,-25.3852387,-51.4968798
2026/02/27 12:34:55.000+00,-25.3852362,-51.4968793
2026/02/27 12:35:00.000+00,-25.3852306,-51.4968799
2026/02/27 12:35:05.000+00,-25.3852304,-51.4968816
2026/02/27 12:35:09.000+00,-25.3852275,-51.4968806
2026/02/27 12:35:14.000+00,-25.3852165,-51.4968713
2026/02/27 12:35:18.000+00,-25.3852142,-51.49687
2026/02/27 12:35:23.000+00,-25.3852152,-51.4968692
2026/02/27 12:35:27.000+00,-25.385215,-51.4968693
2026/02/27 12:35:32.000+00,-25.3852153,-51.4968691
2026/02/27 12:35:42.000+00,-25.3851982,-51.4968642
2026/02/27 12:35:48.000+00,-25.3852025,-51.4968742
2026/02/27 12:35:53.000+00,-25.3851985,-51.49688
2026/02/27 12:35:57.000+00,-25.3851908,-51.4968857
2026/02/27 12:36:02.000+00,-25.3851871,-51.4969021
2026/02/27 12:36:07.000+00,-25.3851867,-51.4969035
2026/02/27 12:36:12.000+00,-25.3851872,-51.496904
2026/02/27 12:36:16.000+00,-25.3851916,-51.4969083
2026/02/27 12:36:21.000+00,-25.3851998,-51.496911
2026/02/27 12:36:26.000+00,-25.3852096,-51.4969138
2026/02/27 12:36:30.000+00,-25.3852164,-51.4969281
2026/02/27 12:36:34.000+00,-25.385219,-51.4969537
2026/02/27 12:36:39.000+00,-25.3852341,-51.4969767
2026/02/27 12:36:44.000+00,-25.3852407,-51.4969687
2026/02/27 12:36:48.000+00,-25.3852416,-51.4969724
2026/02/27 12:36:52.000+00,-25.3852539,-51.4969757
2026/02/27 12:36:57.000+00,-25.3852989,-51.4969855
2026/02/27 12:37:02.000+00,-25.3853195,-51.4970031
2026/02/27 12:37:06.000+00,-25.3853498,-51.4970212
2026/02/27 12:37:10.000+00,-25.385382,-51.49703
2026/02/27 12:37:11.000+00,-25.3853878,-51.4970309
2026/02/27 12:37:15.000+00,-25.3854283,-51.4970482
2026/02/27 12:37:19.000+00,-25.3854595,-51.4970661
2026/02/27 12:37:24.000+00,-25.3854868,-51.4970852
2026/02/27 12:37:26.000+00,-25.385503,-51.4970997
2026/02/27 12:37:31.000+00,-25.3855277,-51.4971168
2026/02/27 12:37:36.000+00,-25.3855371,-51.4971233
2026/02/27 12:37:41.000+00,-25.3855488,-51.4971278
2026/02/27 12:37:46.000+00,-25.3855652,-51.4971361
2026/02/27 12:37:50.000+00,-25.3855839,-51.4971451
2026/02/27 12:37:55.000+00,-25.3855973,-51.4971475
2026/02/27 12:38:00.000+00,-25.3856053,-51.4971485
2026/02/27 12:38:04.000+00,-25.3856178,-51.4971517
2026/02/27 12:38:07.000+00,-25.3856302,-51.4971652
2026/02/27 12:38:12.000+00,-25.385651,-51.4971767
2026/02/27 12:38:16.000+00,-25.3856878,-51.4971876
2026/02/27 12:38:21.000+00,-25.3856995,-51.4971939
2026/02/27 12:38:25.000+00,-25.3857385,-51.4972086
2026/02/27 12:38:27.000+00,-25.3857578,-51.4972196
2026/02/27 12:38:31.000+00,-25.385785,-51.497233
2026/02/27 12:38:35.000+00,-25.3857937,-51.4972461
2026/02/27 12:38:40.000+00,-25.3857748,-51.4972742
2026/02/27 12:38:44.000+00,-25.385753,-51.4972631
2026/02/27 12:38:48.000+00,-25.3857745,-51.4972603
2026/02/27 12:38:53.000+00,-25.3857506,-51.4972534
2026/02/27 12:38:57.000+00,-25.385726,-51.4972468
2026/02/27 12:39:02.000+00,-25.3857137,-51.4972415
2026/02/27 12:39:07.000+00,-25.3857125,-51.4972409
2026/02/27 12:39:12.000+00,-25.3857122,-51.497239
2026/02/27 12:39:17.000+00,-25.3857129,-51.4972387
2026/02/27 12:39:22.000+00,-25.3857188,-51.49724
2026/02/27 12:39:26.000+00,-25.3857106,-51.4972385
2026/02/27 12:39:31.000+00,-25.3856823,-51.4972261
2026/02/27 12:39:35.000+00,-25.3856379,-51.4972131
2026/02/27 12:39:37.000+00,-25.385618,-51.4972039
2026/02/27 12:39:42.000+00,-25.3855787,-51.4971853
2026/02/27 12:39:47.000+00,-25.3855601,-51.4971818
2026/02/27 12:39:51.000+00,-25.3855454,-51.497162
2026/02/27 12:39:55.000+00,-25.3855075,-51.4971354
2026/02/27 12:39:57.000+00,-25.3854921,-51.4971319
2026/02/27 12:40:01.000+00,-25.3854531,-51.4971136
2026/02/27 12:40:06.000+00,-25.3854111,-51.497098
2026/02/27 12:40:10.000+00,-25.3853761,-51.497085
2026/02/27 12:40:11.000+00,-25.3853616,-51.4970792
2026/02/27 12:40:16.000+00,-25.3853423,-51.4970786
2026/02/27 12:40:20.000+00,-25.3853543,-51.4970706
2026/02/27 12:40:24.000+00,-25.3853142,-51.4970511
2026/02/27 12:40:29.000+00,-25.3852713,-51.4970286
2026/02/27 12:40:33.000+00,-25.385233,-51.4970201
2026/02/27 12:40:37.000+00,-25.3851842,-51.497009
2026/02/27 12:40:41.000+00,-25.3851514,-51.4969921
2026/02/27 12:40:45.000+00,-25.3851175,-51.4969674
2026/02/27 12:40:46.000+00,-25.385109,-51.4969599
2026/02/27 12:40:50.000+00,-25.3850897,-51.4969252
2026/02/27 12:40:54.000+00,-25.3850839,-51.4968697
2026/02/27 12:40:59.000+00,-25.3850923,-51.4968282
2026/02/27 12:41:02.000+00,-25.385103,-51.4968058
2026/02/27 12:41:06.000+00,-25.3851212,-51.4967681
2026/02/27 12:41:10.000+00,-25.3851426,-51.4967277
2026/02/27 12:41:15.000+00,-25.385158,-51.4966878
2026/02/27 12:41:17.000+00,-25.3851664,-51.4966693
2026/02/27 12:41:21.000+00,-25.3851815,-51.4966279
2026/02/27 12:41:25.000+00,-25.3851975,-51.4965961
2026/02/27 12:41:29.000+00,-25.3852076,-51.4965758
2026/02/27 12:41:34.000+00,-25.3852182,-51.4965376
2026/02/27 12:41:35.000+00,-25.3852214,-51.4965293
2026/02/27 12:41:39.000+00,-25.3852323,-51.4964916
2026/02/27 12:41:43.000+00,-25.3852409,-51.4964618
2026/02/27 12:41:48.000+00,-25.3852553,-51.4964341
2026/02/27 12:41:52.000+00,-25.3852463,-51.4964258
2026/02/27 12:41:56.000+00,-25.3852577,-51.4964328
2026/02/27 12:42:01.000+00,-25.3852625,-51.4964324
2026/02/27 12:42:05.000+00,-25.3852666,-51.4964304
2026/02/27 12:42:10.000+00,-25.3852646,-51.4964289
2026/02/27 12:42:15.000+00,-25.3852596,-51.4964247
2026/02/27 12:42:20.000+00,-25.3852615,-51.4964127
2026/02/27 12:42:25.000+00,-25.3852612,-51.4964106
2026/02/27 12:42:29.000+00,-25.385264,-51.4964106
2026/02/27 12:42:34.000+00,-25.385268,-51.4964072
2026/02/27 12:42:39.000+00,-25.3852625,-51.4964055
2026/02/27 12:42:44.000+00,-25.3852665,-51.4964074
2026/02/27 12:42:49.000+00,-25.3852685,-51.4964115
2026/02/27 12:42:53.000+00,-25.3852731,-51.4964124
2026/02/27 12:42:58.000+00,-25.385267,-51.4964134
2026/02/27 12:43:03.000+00,-25.3852667,-51.4964138
2026/02/27 12:43:08.000+00,-25.3852701,-51.496407
2026/02/27 12:43:18.000+00,-25.3852645,-51.4964006
2026/02/27 12:43:23.000+00,-25.385256,-51.4963927
2026/02/27 12:44:03.000+00,-25.3852581,-51.4963956
2026/02/27 12:44:06.000+00,-25.3852706,-51.4963877
2026/02/27 12:44:11.000+00,-25.3852783,-51.4963905
2026/02/27 12:44:40.000+00,-25.3852779,-51.4963917
2026/02/27 12:44:45.000+00,-25.3852751,-51.4963913
2026/02/27 12:44:55.000+00,-25.3852765,-51.4963952
2026/02/27 12:45:00.000+00,-25.3852799,-51.4963941
2026/02/27 12:45:10.000+00,-25.3852648,-51.4963904
2026/02/27 12:45:15.000+00,-25.385266,-51.4963896
2026/02/27 12:45:25.000+00,-25.3852605,-51.4963909
2026/02/27 12:45:30.000+00,-25.385266,-51.4963859
2026/02/27 12:45:45.000+00,-25.3852695,-51.4963876
2026/02/27 12:45:50.000+00,-25.3852724,-51.4963878
2026/02/27 12:46:15.000+00,-25.3852692,-51.4963868
2026/02/27 12:46:20.000+00,-25.3852665,-51.4963879
2026/02/27 12:46:25.000+00,-25.3852645,-51.4963827
2026/02/27 12:46:50.000+00,-25.385276,-51.4963755
2026/02/27 12:46:55.000+00,-25.3852777,-51.4963531
2026/02/27 12:47:00.000+00,-25.385304,-51.4963109
2026/02/27 12:47:05.000+00,-25.3853323,-51.4962809
2026/02/27 12:47:10.000+00,-25.3853451,-51.4962769
2026/02/27 12:47:10.000+00,-25.3853586,-51.4962638
2026/02/27 12:47:15.000+00,-25.3853865,-51.4962603
2026/02/27 12:47:20.000+00,-25.3854035,-51.4962437
2026/02/27 12:47:25.000+00,-25.3854036,-51.496241
2026/02/27 12:47:30.000+00,-25.385404,-51.4962434
2026/02/27 12:47:35.000+00,-25.3854061,-51.4962455
2026/02/27 12:47:40.000+00,-25.3854115,-51.4962452
2026/02/27 12:47:44.000+00,-25.3854334,-51.4962383
2026/02/27 12:47:48.000+00,-25.3854619,-51.4962565
2026/02/27 12:47:51.000+00,-25.3854959,-51.4962755
2026/02/27 12:47:56.000+00,-25.3855391,-51.4962988
2026/02/27 12:48:00.000+00,-25.3855786,-51.496312
2026/02/27 12:48:04.000+00,-25.3856084,-51.4963238
2026/02/27 12:48:06.000+00,-25.3856203,-51.4963354
2026/02/27 12:48:10.000+00,-25.3856475,-51.4963556
2026/02/27 12:48:15.000+00,-25.3856859,-51.4963808
2026/02/27 12:48:19.000+00,-25.3857166,-51.4964006
2026/02/27 12:48:22.000+00,-25.385738,-51.4964126
2026/02/27 12:48:26.000+00,-25.3857752,-51.4964328
2026/02/27 12:48:31.000+00,-25.3858009,-51.4964509
2026/02/27 12:48:35.000+00,-25.3858311,-51.4964855
2026/02/27 12:48:38.000+00,-25.385853,-51.4965047
2026/02/27 12:48:43.000+00,-25.3858994,-51.4965164
2026/02/27 12:48:47.000+00,-25.3859478,-51.4965354
2026/02/27 12:48:52.000+00,-25.3859617,-51.4965425
2026/02/27 12:48:57.000+00,-25.3859559,-51.4965437
2026/02/27 12:49:02.000+00,-25.3859541,-51.4965442
2026/02/27 12:49:07.000+00,-25.3859542,-51.4965438
2026/02/27 12:49:12.000+00,-25.3859527,-51.4965442
2026/02/27 12:49:17.000+00,-25.3859525,-51.4965442
2026/02/27 12:49:32.000+00,-25.3859571,-51.4965464
2026/02/27 12:49:34.000+00,-25.3859787,-51.4965636
2026/02/27 12:49:38.000+00,-25.3860186,-51.4965792
2026/02/27 12:49:43.000+00,-25.3860585,-51.4966015
2026/02/27 12:49:47.000+00,-25.3860836,-51.4966232
2026/02/27 12:49:50.000+00,-25.3860998,-51.4966322
2026/02/27 12:49:54.000+00,-25.3861417,-51.4966475
2026/02/27 12:49:59.000+00,-25.386175,-51.4966611
2026/02/27 12:50:03.000+00,-25.3862136,-51.496688
2026/02/27 12:50:05.000+00,-25.3862247,-51.4966983
2026/02/27 12:50:10.000+00,-25.3862595,-51.496719
2026/02/27 12:50:14.000+00,-25.3862965,-51.4967217
2026/02/27 12:50:18.000+00,-25.3863336,-51.4967073
2026/02/27 12:50:22.000+00,-25.3863441,-51.4966691
2026/02/27 12:50:27.000+00,-25.3863409,-51.4966549
2026/02/27 12:50:30.000+00,-25.3863454,-51.4966274
2026/02/27 12:50:34.000+00,-25.3863608,-51.4965871
2026/02/27 12:50:39.000+00,-25.386355,-51.496579
2026/02/27 12:50:44.000+00,-25.386323,-51.4965644
2026/02/27 12:50:48.000+00,-25.3863013,-51.4965454
2026/02/27 12:50:52.000+00,-25.3862815,-51.496539
2026/02/27 12:50:56.000+00,-25.3862545,-51.4965147
2026/02/27 12:51:01.000+00,-25.3862394,-51.4965118
2026/02/27 12:51:05.000+00,-25.3862174,-51.4964971
2026/02/27 12:51:09.000+00,-25.3861832,-51.4964768
2026/02/27 12:51:14.000+00,-25.3861532,-51.4964501
2026/02/27 12:51:17.000+00,-25.3861353,-51.4964373
2026/02/27 12:51:22.000+00,-25.3861238,-51.4964376
2026/02/27 12:51:26.000+00,-25.3861077,-51.4964289
2026/02/27 12:51:30.000+00,-25.3860678,-51.4964058
2026/02/27 12:51:34.000+00,-25.3860337,-51.4963981
2026/02/27 12:51:38.000+00,-25.3860091,-51.4963826
2026/02/27 12:51:42.000+00,-25.3859769,-51.496363
2026/02/27 12:51:46.000+00,-25.3859499,-51.4963527
2026/02/27 12:51:50.000+00,-25.3859213,-51.4963379
2026/02/27 12:51:54.000+00,-25.3858961,-51.4963274
2026/02/27 12:51:56.000+00,-25.3858813,-51.4963202
2026/02/27 12:52:01.000+00,-25.3858427,-51.4963006
2026/02/27 12:52:05.000+00,-25.3858211,-51.4962957
2026/02/27 12:52:10.000+00,-25.3858112,-51.496293
2026/02/27 12:52:14.000+00,-25.3857623,-51.4962613
2026/02/27 12:52:15.000+00,-25.385755,-51.4962574
2026/02/27 12:52:20.000+00,-25.3857124,-51.4962395
2026/02/27 12:52:24.000+00,-25.3856886,-51.496222
2026/02/27 12:52:29.000+00,-25.3856727,-51.4961926
2026/02/27 12:52:34.000+00,-25.3856733,-51.4961949
2026/02/27 12:52:39.000+00,-25.3856686,-51.4961907
2026/02/27 12:52:44.000+00,-25.3856391,-51.496178
2026/02/27 12:52:48.000+00,-25.3856417,-51.4961816
2026/02/27 12:52:53.000+00,-25.3856375,-51.4961744
2026/02/27 12:52:58.000+00,-25.3856425,-51.4961816
2026/02/27 12:53:03.000+00,-25.3856441,-51.4961825
2026/02/27 12:53:08.000+00,-25.3856447,-51.4961828
2026/02/27 12:53:13.000+00,-25.3856476,-51.496181
2026/02/27 12:53:18.000+00,-25.3856479,-51.496181
2026/02/27 12:53:23.000+00,-25.3856479,-51.4961796
2026/02/27 12:53:28.000+00,-25.3856488,-51.4961819
2026/02/27 12:53:32.000+00,-25.3856484,-51.4961827
2026/02/27 12:53:37.000+00,-25.3856482,-51.4961813
2026/02/27 12:53:41.000+00,-25.3856493,-51.496182
2026/02/27 12:53:46.000+00,-25.3856481,-51.4961833
2026/02/27 12:53:51.000+00,-25.3856494,-51.4961833
2026/02/27 12:53:56.000+00,-25.3856494,-51.4961839
2026/02/27 12:54:00.000+00,-25.3856434,-51.4961802
2026/02/27 12:54:06.000+00,-25.3856268,-51.4961796
2026/02/27 12:54:10.000+00,-25.3855715,-51.4961478
2026/02/27 12:54:14.000+00,-25.3855415,-51.4961352
2026/02/27 12:54:18.000+00,-25.385526,-51.4961278
2026/02/27 12:54:20.000+00,-25.3855041,-51.4961175
2026/02/27 12:54:25.000+00,-25.3854615,-51.4961037
2026/02/27 12:54:29.000+00,-25.3854442,-51.4960677
2026/02/27 12:54:33.000+00,-25.3854561,-51.4960255
2026/02/27 12:54:38.000+00,-25.3854801,-51496
2026/02/27 12:54:42.000+00,-25.385508,-51.4959882
2026/02/27 12:54:47.000+00,-25.3855262,-51.4960125
2026/02/27 12:54:52.000+00,-25.3855283,-51.4960195
2026/02/27 12:54:57.000+00,-25.3855416,-51.496024
2026/02/27 12:55:01.000+00,-25.3855849,-51.4960458
2026/02/27 12:55:05.000+00,-25.3856239,-51.4960646
2026/02/27 12:55:06.000+00,-25.3856317,-51.4960669
2026/02/27 12:55:11.000+00,-25.3856734,-51.4960877
2026/02/27 12:55:16.000+00,-25.3857058,-51.4961121
2026/02/27 12:55:20.000+00,-25.3857497,-51.4961265
2026/02/27 12:55:21.000+00,-25.3857551,-51.4961307
2026/02/27 12:55:26.000+00,-25.3857955,-51.4961497
2026/02/27 12:55:30.000+00,-25.3858382,-51.4961737
2026/02/27 12:55:35.000+00,-25.3858721,-51.4962003
2026/02/27 12:55:35.000+00,-25.3858774,-51.4962007
2026/02/27 12:55:40.000+00,-25.3858933,-51.4962282
2026/02/27 12:55:45.000+00,-25.3859367,-51.4962225
2026/02/27 12:55:49.000+00,-25.3859903,-51.4962418
2026/02/27 12:55:52.000+00,-25.386008,-51.4962544
2026/02/27 12:55:56.000+00,-25.3860389,-51.4962691
2026/02/27 12:56:00.000+00,-25.3860708,-51.4962823
2026/02/27 12:56:05.000+00,-25.3860997,-51.4963133
2026/02/27 12:56:08.000+00,-25.3861256,-51.4963296
2026/02/27 12:56:13.000+00,-25.3861444,-51.4963606
2026/02/27 12:56:17.000+00,-25.3861726,-51.4963757
2026/02/27 12:56:21.000+00,-25.3862118,-51.4963949
2026/02/27 12:56:25.000+00,-25.3862411,-51.4964141
2026/02/27 12:56:29.000+00,-25.3862784,-51.4964296
2026/02/27 12:56:33.000+00,-25.3862966,-51.4964596
2026/02/27 12:56:38.000+00,-25.3863459,-51.4964893
2026/02/27 12:56:41.000+00,-25.3863569,-51.4964925
2026/02/27 12:56:45.000+00,-25.3863602,-51.4964933
2026/02/27 12:56:49.000+00,-25.3863933,-51.4965105
2026/02/27 12:56:54.000+00,-25.3864399,-51.496538
2026/02/27 12:56:58.000+00,-25.3864752,-51.4965611
2026/02/27 12:56:59.000+00,-25.3864814,-51.4965634
2026/02/27 12:57:03.000+00,-25.3864985,-51.4965332
2026/02/27 12:57:08.000+00,-25.3865075,-51.4964923
2026/02/27 12:57:12.000+00,-25.3865154,-51.4964429
2026/02/27 12:57:17.000+00,-25.3865119,-51.4964383
2026/02/27 12:57:22.000+00,-25.3865142,-51.4964431
2026/02/27 12:57:27.000+00,-25.3864754,-51.4964229
2026/02/27 12:57:29.000+00,-25.3864498,-51.4964182
2026/02/27 12:57:34.000+00,-25.3864261,-51.4964025
2026/02/27 12:57:38.000+00,-25.3863963,-51.4963899
2026/02/27 12:57:43.000+00,-25.38635,-51.4963766
2026/02/27 12:57:46.000+00,-25.3863233,-51.4963599
2026/02/27 12:57:50.000+00,-25.3862884,-51.4963445
2026/02/27 12:57:55.000+00,-25.386255,-51.4963162
2026/02/27 12:58:00.000+00,-25.3862413,-51.4962768
2026/02/27 12:58:03.000+00,-25.3862222,-51.4962587
2026/02/27 12:58:07.000+00,-25.386197,-51.4962308
2026/02/27 12:58:12.000+00,-25.3861821,-51.4962403
2026/02/27 12:58:16.000+00,-25.3861793,-51.4962311
2026/02/27 12:58:21.000+00,-25.3861741,-51.4961948
2026/02/27 12:58:25.000+00,-25.3861083,-51.496187
2026/02/27 12:58:26.000+00,-25.3861014,-51.4961837
2026/02/27 12:58:30.000+00,-25.3860676,-51.4961594
2026/02/27 12:58:35.000+00,-25.3860255,-51.4961302
2026/02/27 12:58:39.000+00,-25.3859946,-51.4961125
2026/02/27 12:58:40.000+00,-25.38598,-51.4961085
2026/02/27 12:58:45.000+00,-25.3859399,-51.4960888
2026/02/27 12:58:49.000+00,-25.3859111,-51.4960598
2026/02/27 12:58:53.000+00,-25.3858759,-51.4960385
2026/02/27 12:58:56.000+00,-25.3858609,-51.4960336
2026/02/27 12:59:00.000+00,-25.3858207,-51.4960133
2026/02/27 12:59:05.000+00,-25.3857933,-51.4959989
2026/02/27 12:59:09.000+00,-25.3857645,-51.4959901
2026/02/27 12:59:13.000+00,-25.3857336,-51.4959856
2026/02/27 12:59:14.000+00,-25.385724,-51.4959789
2026/02/27 12:59:19.000+00,-25.3856878,-51.4959631
2026/02/27 12:59:24.000+00,-25.3856402,-51.4959435
2026/02/27 12:59:28.000+00,-25.3856185,-51.4959396
2026/02/27 12:59:32.000+00,-25.385599,-51.495913
2026/02/27 12:59:37.000+00,-25.3855667,-51.4958911
2026/02/27 12:59:41.000+00,-25.3855436,-51.4958709
2026/02/27 12:59:46.000+00,-25.3855508,-51.4958379
2026/02/27 12:59:50.000+00,-25.3855594,-51.4958044
2026/02/27 12:59:54.000+00,-25.3855807,-51.4957705
2026/02/27 12:59:55.000+00,-25.3855854,-51.4957623
2026/02/27 12:59:59.000+00,-25.3855935,-51.4957231
2026/02/27 13:00:03.000+00,-25.3856095,-51.4956923
2026/02/27 13:00:08.000+00,-25.385646,-51.4957024
2026/02/27 13:00:12.000+00,-25.3856867,-51.49572
2026/02/27 13:00:16.000+00,-25.385722,-51.4957336
2026/02/27 13:00:20.000+00,-25.3857638,-51.4957523
2026/02/27 13:00:25.000+00,-25.3858057,-51.4957822
2026/02/27 13:00:29.000+00,-25.3858412,-51.4957995
2026/02/27 13:00:29.000+00,-25.3858437,-51.4957999
2026/02/27 13:00:33.000+00,-25.385879,-51.4958172
2026/02/27 13:00:37.000+00,-25.3859032,-51.4958373
2026/02/27 13:00:42.000+00,-25.3859396,-51.4958549
2026/02/27 13:00:44.000+00,-25.3859664,-51.4958675
2026/02/27 13:00:49.000+00,-25.3860072,-51.4958855
2026/02/27 13:00:53.000+00,-25.3860531,-51.4959088
2026/02/27 13:00:58.000+00,-25.3860922,-51.495932
2026/02/27 13:01:03.000+00,-25.3861308,-51.4959458
2026/02/27 13:01:07.000+00,-25.3861697,-51.4959675
2026/02/27 13:01:11.000+00,-25.3862046,-51.4959846
2026/02/27 13:01:13.000+00,-25.3862157,-51.4960013
2026/02/27 13:01:18.000+00,-25.3862651,-51.4960073
2026/02/27 13:01:22.000+00,-25.3862911,-51.4960292
2026/02/27 13:01:27.000+00,-25.3863392,-51.4960341
2026/02/27 13:01:28.000+00,-25.3863483,-51.4960372
2026/02/27 13:01:33.000+00,-25.3863772,-51.4960077
2026/02/27 13:01:37.000+00,-25.3863833,-51.4959599
2026/02/27 13:01:42.000+00,-25.3864052,-51.4959184
2026/02/27 13:01:43.000+00,-25.3864136,-51.4959018
2026/02/27 13:01:48.000+00,-25.3864338,-51.4958647
2026/02/27 13:01:52.000+00,-25.3864268,-51.4958397
2026/02/27 13:01:56.000+00,-25.3864014,-51.4958326
2026/02/27 13:02:01.000+00,-25.3863676,-51.4958102
2026/02/27 13:02:06.000+00,-25.3863411,-51.4957872
2026/02/27 13:02:08.000+00,-25.386329,-51.495779
2026/02/27 13:02:13.000+00,-25.3862824,-51.4957497
2026/02/27 13:02:17.000+00,-25.3862489,-51.4957208
2026/02/27 13:02:21.000+00,-25.3862144,-51.4957105
2026/02/27 13:02:21.000+00,-25.3862098,-51.4957066
2026/02/27 13:02:25.000+00,-25.3861834,-51.4956845
2026/02/27 13:02:30.000+00,-25.3861515,-51.4956646
2026/02/27 13:02:34.000+00,-25.3861155,-51.4956502
2026/02/27 13:02:37.000+00,-25.3860899,-51.4956372
2026/02/27 13:02:41.000+00,-25.3860455,-51.4956208
2026/02/27 13:02:46.000+00,-25.3860122,-51.4956045
2026/02/27 13:02:50.000+00,-25.3859784,-51.4955889
2026/02/27 13:02:52.000+00,-25.3859598,-51.4955774
2026/02/27 13:02:57.000+00,-25.3859235,-51.495554
2026/02/27 13:03:01.000+00,-25.3858899,-51.4955328
2026/02/27 13:03:05.000+00,-25.3858609,-51.4955126
2026/02/27 13:03:08.000+00,-25.3858385,-51.4955013
2026/02/27 13:03:12.000+00,-25.3857992,-51.495478
2026/02/27 13:03:16.000+00,-25.3857655,-51.4954544
2026/02/27 13:03:20.000+00,-25.3857349,-51.4954397
2026/02/27 13:03:23.000+00,-25.3857173,-51.4954295
2026/02/27 13:03:28.000+00,-25.3857066,-51.495401
2026/02/27 13:03:32.000+00,-25.3857373,-51.4953586
2026/02/27 13:03:37.000+00,-25.3857655,-51.4953257
2026/02/27 13:03:40.000+00,-25.3857751,-51.4952939
2026/02/27 13:03:45.000+00,-25.3857888,-51.4952558
2026/02/27 13:03:49.000+00,-25.3858234,-51.4952396
2026/02/27 13:03:54.000+00,-25.3858653,-51.4952498
2026/02/27 13:03:58.000+00,-25.3858976,-51.4952645
2026/02/27 13:04:03.000+00,-25.3858884,-51.4952662
2026/02/27 13:04:08.000+00,-25.3858825,-51.4952655
2026/02/27 13:04:13.000+00,-25.3858788,-51.4952654
2026/02/27 13:04:17.000+00,-25.3858796,-51.495267
2026/02/27 13:04:21.000+00,-25.3858789,-51.4952633
2026/02/27 13:04:26.000+00,-25.3858845,-51.4952548
2026/02/27 13:04:29.000+00,-25.3859114,-51.4952581
2026/02/27 13:04:33.000+00,-25.3859561,-51.4952762
2026/02/27 13:04:38.000+00,-25.385988,-51.4953129
2026/02/27 13:04:42.000+00,-25.3860317,-51.4953275
2026/02/27 13:04:47.000+00,-25.3860706,-51.4953502
2026/02/27 13:04:51.000+00,-25.3861173,-51.4953672
2026/02/27 13:04:55.000+00,-25.3861604,-51.4953791
2026/02/27 13:04:59.000+00,-25.3861937,-51.4953997
2026/02/27 13:05:04.000+00,-25.3862389,-51.495411
2026/02/27 13:05:08.000+00,-25.3862827,-51.4954175
2026/02/27 13:05:10.000+00,-25.386293,-51.4954265
2026/02/27 13:05:14.000+00,-25.3863206,-51.4954609
2026/02/27 13:05:18.000+00,-25.3863557,-51.4954839
2026/02/27 13:05:23.000+00,-25.3863969,-51.4954911
2026/02/27 13:05:25.000+00,-25.3864126,-51.4954968
2026/02/27 13:05:29.000+00,-25.386451,-51.4955165
2026/02/27 13:05:34.000+00,-25.3864897,-51.4955135
2026/02/27 13:05:38.000+00,-25.3865312,-51.4955239
2026/02/27 13:05:40.000+00,-25.3865499,-51.4955109
2026/02/27 13:05:45.000+00,-25.3865496,-51.4954688
2026/02/27 13:05:49.000+00,-25.3865504,-51.4954494
2026/02/27 13:05:53.000+00,-25.3865146,-51.4954102
2026/02/27 13:05:57.000+00,-25.3864845,-51.4953885
2026/02/27 13:05:59.000+00,-25.3864732,-51.4953862
2026/02/27 13:06:03.000+00,-25.3864413,-51.4953857
2026/02/27 13:06:07.000+00,-25.3864085,-51.4953815
2026/02/27 13:06:12.000+00,-25.3863889,-51.4953859
2026/02/27 13:06:17.000+00,-25.3863962,-51.4953792
2026/02/27 13:06:21.000+00,-25.3863943,-51.4953727
2026/02/27 13:06:25.000+00,-25.3863924,-51.4953691
2026/02/27 13:06:30.000+00,-25.3863967,-51.4954046
2026/02/27 13:06:34.000+00,-25.3863688,-51.495417
2026/02/27 13:06:38.000+00,-25.3863481,-51.4954135
2026/02/27 13:06:43.000+00,-25.3863419,-51.4953925
2026/02/27 13:06:44.000+00,-25.3863347,-51.4953893
2026/02/27 13:06:48.000+00,-25.3862941,-51.4953768
2026/02/27 13:06:52.000+00,-25.386263,-51.495355
2026/02/27 13:06:56.000+00,-25.3862243,-51.4953467
2026/02/27 13:06:58.000+00,-25.3862062,-51.4953391
2026/02/27 13:07:02.000+00,-25.3861748,-51.495308
2026/02/27 13:07:07.000+00,-25.3861391,-51.4952942
2026/02/27 13:07:12.000+00,-25.3861053,-51.495278
2026/02/27 13:07:13.000+00,-25.3860814,-51.4952671
2026/02/27 13:07:17.000+00,-25.3860391,-51.4952429
2026/02/27 13:07:22.000+00,-25.3860055,-51.4952178
2026/02/27 13:07:27.000+00,-25.3859631,-51.4952085
2026/02/27 13:07:29.000+00,-25.3859538,-51.4952013
2026/02/27 13:07:33.000+00,-25.3859288,-51.4951901
2026/02/27 13:07:37.000+00,-25.3858981,-51.4951851
2026/02/27 13:07:42.000+00,-25.385856,-51.4951839
2026/02/27 13:07:46.000+00,-25.3858542,-51.4951896
2026/02/27 13:07:50.000+00,-25.3858511,-51.4951828
2026/02/27 13:07:55.000+00,-25.3858406,-51.4951701
2026/02/27 13:07:57.000+00,-25.3858196,-51.4951556
2026/02/27 13:08:02.000+00,-25.3857822,-51.4951304
2026/02/27 13:08:06.000+00,-25.385783,-51.4951284
2026/02/27 13:08:10.000+00,-25.3857852,-51.4951256
2026/02/27 13:08:14.000+00,-25.3857518,-51.4951075
2026/02/27 13:08:19.000+00,-25.3857164,-51.4950799
2026/02/27 13:08:20.000+00,-25.3857071,-51.4950724
2026/02/27 13:08:24.000+00,-25.3856712,-51.4950397
2026/02/27 13:08:29.000+00,-25.3856578,-51.4950082
2026/02/27 13:08:33.000+00,-25.3856661,-51.4949726
2026/02/27 13:08:37.000+00,-25.3856797,-51.4949355
2026/02/27 13:08:39.000+00,-25.3856809,-51.4949257
2026/02/27 13:08:43.000+00,-25.3856933,-51.4948925
2026/02/27 13:08:47.000+00,-25.3857017,-51.4948671
2026/02/27 13:08:51.000+00,-25.3857162,-51.4948397
2026/02/27 13:08:56.000+00,-25.3857284,-51.4947892
2026/02/27 13:08:56.000+00,-25.3857279,-51.4947823
2026/02/27 13:09:01.000+00,-25.3857384,-51.4947301
2026/02/27 13:09:05.000+00,-25.3857407,-51.4946856
2026/02/27 13:09:10.000+00,-25.3857496,-51.4946376
2026/02/27 13:09:11.000+00,-25.3857515,-51.4946306
2026/02/27 13:09:15.000+00,-25.3857625,-51.4945936
2026/02/27 13:09:20.000+00,-25.3857755,-51.4945406
2026/02/27 13:09:24.000+00,-25.3857807,-51.4945305
2026/02/27 13:09:29.000+00,-25.3858051,-51.4944886
2026/02/27 13:09:33.000+00,-25.385812,-51.4944313
2026/02/27 13:09:37.000+00,-25.3858169,-51.4943942
2026/02/27 13:09:42.000+00,-25.3858093,-51.4943559
2026/02/27 13:09:47.000+00,-25.3857778,-51.4943467
2026/02/27 13:09:48.000+00,-25.3857524,-51.4943471
2026/02/27 13:09:53.000+00,-25.3857094,-51.4943382
2026/02/27 13:09:57.000+00,-25.3856648,-51.4943101
2026/02/27 13:10:01.000+00,-25.3856269,-51.4942846
2026/02/27 13:10:06.000+00,-25.3855886,-51.4942581
2026/02/27 13:10:11.000+00,-25.3855556,-51.4942394
2026/02/27 13:10:15.000+00,-25.3855207,-51.4942059
2026/02/27 13:10:16.000+00,-25.3855145,-51.4942005
2026/02/27 13:10:21.000+00,-25.3854751,-51.4941864
2026/02/27 13:10:26.000+00,-25.385437,-51.4941678
2026/02/27 13:10:30.000+00,-25.3854024,-51.4941462
2026/02/27 13:10:31.000+00,-25.3853906,-51.494139
2026/02/27 13:10:36.000+00,-25.3853623,-51.4941167
2026/02/27 13:10:40.000+00,-25.3853214,-51.4941039
2026/02/27 13:10:45.000+00,-25.3852918,-51.4940862
2026/02/27 13:10:48.000+00,-25.3852607,-51.4940887
2026/02/27 13:10:52.000+00,-25.3852204,-51.4940647
2026/02/27 13:10:57.000+00,-25.3851822,-51.4940532
2026/02/27 13:11:01.000+00,-25.3851441,-51.4940504
2026/02/27 13:11:04.000+00,-25.3851216,-51.4940527
2026/02/27 13:11:08.000+00,-25.3850846,-51.4940597
2026/02/27 13:11:12.000+00,-25.3850463,-51.4940559
2026/02/27 13:11:17.000+00,-25.3850125,-51.4940336
2026/02/27 13:11:20.000+00,-25.3849852,-51.4940151
2026/02/27 13:11:24.000+00,-25.3849418,-51.4940097
2026/02/27 13:11:28.000+00,-25.3849056,-51.4940122
2026/02/27 13:11:33.000+00,-25.3848686,-51.4940083
2026/02/27 13:11:35.000+00,-25.3848453,-51.4940055
2026/02/27 13:11:39.000+00,-25.3848345,-51.4939575
2026/02/27 13:11:44.000+00,-25.3848592,-51.493894
2026/02/27 13:11:47.000+00,-25.3848617,-51.4938551
2026/02/27 13:11:51.000+00,-25.3848448,-51.49382
2026/02/27 13:11:55.000+00,-25.3848789,-51.4937917
2026/02/27 13:12:00.000+00,-25.3849024,-51.4937412
2026/02/27 13:12:03.000+00,-25.3849179,-51.4937165
2026/02/27 13:12:07.000+00,-25.384925,-51.4936839
2026/02/27 13:12:12.000+00,-25.3849096,-51.4936814
2026/02/27 13:12:17.000+00,-25.3849098,-51.4936849
2026/02/27 13:12:22.000+00,-25.3849102,-51.4936797
2026/02/27 13:12:27.000+00,-25.3849096,-51.4936753
2026/02/27 13:12:31.000+00,-25.3849089,-51.4936762
2026/02/27 13:12:35.000+00,-25.3849019,-51.4936797
2026/02/27 13:12:40.000+00,-25.3848992,-51.4936799
2026/02/27 13:12:45.000+00,-25.3848984,-51.4936817
2026/02/27 13:12:50.000+00,-25.3849051,-51.4936784
2026/02/27 13:12:55.000+00,-25.3849059,-51.4936781
2026/02/27 13:13:00.000+00,-25.3849064,-51.4936782
2026/02/27 13:13:05.000+00,-25.384906,-51.4936784
2026/02/27 13:13:10.000+00,-25.3849062,-51.4936785
2026/02/27 13:14:05.000+00,-25.3849107,-51.4936858
2026/02/27 13:14:10.000+00,-25.3849108,-51.493686
2026/02/27 13:14:35.000+00,-25.3849107,-51.4936901
2026/02/27 13:14:40.000+00,-25.3849107,-51.4936902
2026/02/27 13:14:44.000+00,-25.3849107,-51.4936903
2026/02/27 13:14:49.000+00,-25.3849011,-51.4936876
2026/02/27 13:14:53.000+00,-25.3849009,-51.4936876
2026/02/27 13:15:32.000+00,-25.3848887,-51.4936768
2026/02/27 13:15:37.000+00,-25.3848678,-51.4936639
2026/02/27 13:15:42.000+00,-25.3848331,-51.4936224
2026/02/27 13:15:43.000+00,-25.3848225,-51.4936106
2026/02/27 13:15:48.000+00,-25.3847992,-51.4935993
2026/02/27 13:15:52.000+00,-25.3847562,-51.4935933
2026/02/27 13:15:56.000+00,-25.3847415,-51.493586
2026/02/27 13:16:00.000+00,-25.3847083,-51.4935756
2026/02/27 13:16:02.000+00,-25.3846871,-51.493563
2026/02/27 13:16:07.000+00,-25.3846502,-51.4935599
2026/02/27 13:16:12.000+00,-25.3846227,-51.4935341
2026/02/27 13:16:17.000+00,-25.3846064,-51.4935187
2026/02/27 13:16:21.000+00,-25.3845755,-51.4935022
2026/02/27 13:16:23.000+00,-25.384562,-51.4934972
2026/02/27 13:16:27.000+00,-25.3845202,-51.4934743
2026/02/27 13:16:31.000+00,-25.384477,-51.4934535
2026/02/27 13:16:35.000+00,-25.3844489,-51.4934346
2026/02/27 13:16:37.000+00,-25.384439,-51.4934279
2026/02/27 13:16:41.000+00,-25.3844078,-51.4934034
2026/02/27 13:16:46.000+00,-25.3844102,-51.4933972
2026/02/27 13:16:51.000+00,-25.3843971,-51.4933958
2026/02/27 13:16:56.000+00,-25.3843941,-51.4933936
2026/02/27 13:17:01.000+00,-25.3843929,-51.4933937
2026/02/27 13:17:05.000+00,-25.3843809,-51.4933923
2026/02/27 13:17:09.000+00,-25.3843163,-51.4933737
2026/02/27 13:17:10.000+00,-25.3843094,-51.4933736
2026/02/27 13:17:14.000+00,-25.3842653,-51.4933483
2026/02/27 13:17:19.000+00,-25.3842259,-51.4933059
2026/02/27 13:17:23.000+00,-25.3842246,-51.493257
2026/02/27 13:17:28.000+00,-25.3842513,-51.4932172
2026/02/27 13:17:32.000+00,-25.3842797,-51.4931822
2026/02/27 13:17:36.000+00,-25.3843094,-51.4931831
2026/02/27 13:17:41.000+00,-25.3843239,-51.4932128
2026/02/27 13:17:45.000+00,-25.3843367,-51.4932196
2026/02/27 13:17:50.000+00,-25.3843283,-51.4932166
2026/02/27 13:17:54.000+00,-25.3843272,-51.4932167
2026/02/27 13:17:59.000+00,-25.384327,-51.4932165
2026/02/27 13:18:04.000+00,-25.3843258,-51.4932168
2026/02/27 13:18:08.000+00,-25.3843483,-51.4932279
2026/02/27 13:18:11.000+00,-25.3843628,-51.4932435
2026/02/27 13:18:15.000+00,-25.3844028,-51.4932692
2026/02/27 13:18:20.000+00,-25.3844394,-51.493288
2026/02/27 13:18:24.000+00,-25.384476,-51.4933061
2026/02/27 13:18:25.000+00,-25.3844841,-51.4933107
2026/02/27 13:18:29.000+00,-25.3845082,-51.4933391
2026/02/27 13:18:34.000+00,-25.3845473,-51.4933605
2026/02/27 13:18:38.000+00,-25.3845892,-51.4933642
2026/02/27 13:18:41.000+00,-25.3846111,-51.4933729
2026/02/27 13:18:45.000+00,-25.3846433,-51.4933917
2026/02/27 13:18:49.000+00,-25.3846717,-51.4934095
2026/02/27 13:18:54.000+00,-25.3847106,-51.4934308
2026/02/27 13:18:57.000+00,-25.3847399,-51.493439
2026/02/27 13:19:02.000+00,-25.3847753,-51.4934582
2026/02/27 13:19:06.000+00,-25.3848091,-51.4934803
2026/02/27 13:19:10.000+00,-25.3848443,-51.4935065
2026/02/27 13:19:12.000+00,-25.3848581,-51.4935127
2026/02/27 13:19:16.000+00,-25.3848889,-51.49353
2026/02/27 13:19:20.000+00,-25.3849139,-51.4935255
2026/02/27 13:19:24.000+00,-25.384947,-51.493548
2026/02/27 13:19:29.000+00,-25.3849844,-51.4935772
2026/02/27 13:19:34.000+00,-25.3850155,-51.4935725
2026/02/27 13:19:38.000+00,-25.3850146,-51.4935338
2026/02/27 13:19:42.000+00,-25.3850329,-51.4934959
2026/02/27 13:19:47.000+00,-25.3850444,-51.4934744
2026/02/27 13:19:51.000+00,-25.3850517,-51.4934495
2026/02/27 13:19:52.000+00,-25.3850502,-51.4934443
2026/02/27 13:19:56.000+00,-25.3850244,-51.4934426
2026/02/27 13:20:00.000+00,-25.3849933,-51.4934221
2026/02/27 13:20:05.000+00,-25.38497,-51.4934002
2026/02/27 13:20:09.000+00,-25.3849411,-51.4933743
2026/02/27 13:20:11.000+00,-25.3849303,-51.4933691
2026/02/27 13:20:15.000+00,-25.3848829,-51.4933481
2026/02/27 13:20:20.000+00,-25.3848401,-51.4933283
2026/02/27 13:20:24.000+00,-25.3848104,-51.493308
2026/02/27 13:20:25.000+00,-25.384804,-51.4933045
2026/02/27 13:20:29.000+00,-25.3847675,-51.4932845
2026/02/27 13:20:34.000+00,-25.3847295,-51.4932629
2026/02/27 13:20:38.000+00,-25.3846976,-51.4932434
2026/02/27 13:20:41.000+00,-25.3846833,-51.4932337
2026/02/27 13:20:45.000+00,-25.3846456,-51.4932165
2026/02/27 13:20:49.000+00,-25.3846172,-51.493199
2026/02/27 13:20:53.000+00,-25.3845773,-51.4931849
2026/02/27 13:20:56.000+00,-25.3845557,-51.4931763
2026/02/27 13:21:00.000+00,-25.3845164,-51.4931535
2026/02/27 13:21:05.000+00,-25.3844873,-51.4931354
2026/02/27 13:21:09.000+00,-25.3844526,-51.4931151
2026/02/27 13:21:12.000+00,-25.3844371,-51.4930982
2026/02/27 13:21:16.000+00,-25.3844073,-51.4930706
2026/02/27 13:21:20.000+00,-25.3843625,-51.4930772
2026/02/27 13:21:25.000+00,-25.3843567,-51.4930309
2026/02/27 13:21:29.000+00,-25.3843785,-51.4930019
2026/02/27 13:21:34.000+00,-25.3843951,-51.4929741
2026/02/27 13:21:39.000+00,-25.3844036,-51.4929653
2026/02/27 13:21:43.000+00,-25.3844037,-51.4929671
2026/02/27 13:21:49.000+00,-25.3844097,-51.4929691
2026/02/27 13:21:54.000+00,-25.3844126,-51.4929715
2026/02/27 13:21:59.000+00,-25.3844315,-51.4929855
2026/02/27 13:22:03.000+00,-25.3844447,-51.4929841
2026/02/27 13:22:07.000+00,-25.3844246,-51.4929494
2026/02/27 13:22:11.000+00,-25.3844362,-51.4929065
2026/02/27 13:22:16.000+00,-25.3844573,-51.4929091
2026/02/27 13:22:21.000+00,-25.3844665,-51.4929204
2026/02/27 13:22:25.000+00,-25.3844771,-51.4929327
2026/02/27 13:22:30.000+00,-25.3844801,-51.4929324
2026/02/27 13:22:34.000+00,-25.3844836,-51.4929316
2026/02/27 13:22:39.000+00,-25.384486,-51.4929315
2026/02/27 13:22:44.000+00,-25.3844855,-51.4929311
2026/02/27 13:22:49.000+00,-25.3844862,-51.4929324
2026/02/27 13:22:53.000+00,-25.3844875,-51.4929334
2026/02/27 13:22:57.000+00,-25.3845203,-51.4929559
2026/02/27 13:23:01.000+00,-25.3845601,-51.4929723
2026/02/27 13:23:05.000+00,-25.3845898,-51.4929953
2026/02/27 13:23:10.000+00,-25.3846256,-51.4930217
2026/02/27 13:23:14.000+00,-25.384661,-51.4930315
2026/02/27 13:23:18.000+00,-25.3846827,-51.4930543
2026/02/27 13:23:23.000+00,-25.3847047,-51.4930743
2026/02/27 13:23:27.000+00,-25.3847196,-51.4930821
2026/02/27 13:23:31.000+00,-25.3847384,-51.4930931
2026/02/27 13:23:36.000+00,-25.3847689,-51.4931031
2026/02/27 13:23:40.000+00,-25.3847947,-51.4931155
2026/02/27 13:23:41.000+00,-25.3848077,-51.4931221
2026/02/27 13:23:46.000+00,-25.3848454,-51.4931385
2026/02/27 13:23:51.000+00,-25.3848726,-51.4931448
2026/02/27 13:23:55.000+00,-25.3849024,-51.4931617
2026/02/27 13:23:59.000+00,-25.3849301,-51.4931786
2026/02/27 13:24:00.000+00,-25.3849371,-51.4931821
2026/02/27 13:24:04.000+00,-25.3849596,-51.4931994
2026/02/27 13:24:09.000+00,-25.3849829,-51.493218
2026/02/27 13:24:13.000+00,-25.3850207,-51.4932423
2026/02/27 13:24:18.000+00,-25.3850333,-51.4932627
2026/02/27 13:24:21.000+00,-25.385039,-51.4932811
2026/02/27 13:24:25.000+00,-25.3850748,-51.4932868
2026/02/27 13:24:30.000+00,-25.3851095,-51.4933031
2026/02/27 13:24:35.000+00,-25.3851408,-51.4933093
2026/02/27 13:24:39.000+00,-25.3851373,-51.4933014
2026/02/27 13:24:43.000+00,-25.3851399,-51.4932966
2026/02/27 13:24:48.000+00,-25.3851482,-51.4932728
2026/02/27 13:24:52.000+00,-25.3851643,-51.4932215
2026/02/27 13:24:57.000+00,-25.3851724,-51.4931988
2026/02/27 13:25:01.000+00,-25.3851916,-51.4931629
2026/02/27 13:25:05.000+00,-25.3851978,-51.4931364
2026/02/27 13:25:10.000+00,-25.3851999,-51.4931026
2026/02/27 13:25:15.000+00,-25.3851691,-51.4930853
2026/02/27 13:25:17.000+00,-25.3851548,-51.4930685
2026/02/27 13:25:23.000+00,-25.3851344,-51.4930563
2026/02/27 13:25:27.000+00,-25.3850862,-51.4930356
2026/02/27 13:25:31.000+00,-25.3850578,-51.4930213
2026/02/27 13:25:36.000+00,-25.3850306,-51.4930027
2026/02/27 13:25:40.000+00,-25.3850129,-51.4929935
2026/02/27 13:25:45.000+00,-25.3849839,-51.492973
2026/02/27 13:25:49.000+00,-25.3849506,-51.4929522
2026/02/27 13:25:53.000+00,-25.3849384,-51.4929151
2026/02/27 13:25:57.000+00,-25.3849313,-51.4928987
2026/02/27 13:26:02.000+00,-25.3849272,-51.4928982
2026/02/27 13:26:07.000+00,-25.3849327,-51.4928948
2026/02/27 13:26:11.000+00,-25.3849326,-51.4928936
2026/02/27 13:26:16.000+00,-25.3849353,-51.4928983
2026/02/27 13:26:20.000+00,-25.3849591,-51.4929196
2026/02/27 13:26:24.000+00,-25.3849601,-51.4929204
2026/02/27 13:26:29.000+00,-25.3849623,-51.4929202
2026/02/27 13:26:33.000+00,-25.3849996,-51.4929019
2026/02/27 13:26:37.000+00,-25.3850402,-51.4928928
2026/02/27 13:26:41.000+00,-25.3850677,-51.4928825
2026/02/27 13:26:45.000+00,-25.385111,-51.4928772
2026/02/27 13:26:49.000+00,-25.3851023,-51.4928887
2026/02/27 13:26:53.000+00,-25.3851086,-51.4928939
2026/02/27 13:26:58.000+00,-25.3851217,-51.4928792
2026/02/27 13:27:02.000+00,-25.3851108,-51.4928786
2026/02/27 13:27:07.000+00,-25.3851086,-51.4928784
2026/02/27 13:27:12.000+00,-25.3851174,-51.49288
2026/02/27 13:27:16.000+00,-25.3851502,-51.4929059
2026/02/27 13:27:21.000+00,-25.385189,-51.4929354
2026/02/27 13:27:22.000+00,-25.3851962,-51.492933
2026/02/27 13:27:27.000+00,-25.3852414,-51.4929178
2026/02/27 13:27:32.000+00,-25.3852748,-51.492896
2026/02/27 13:27:37.000+00,-25.3852706,-51.4928722
2026/02/27 13:27:41.000+00,-25.3852697,-51.4928663
2026/02/27 13:27:46.000+00,-25.385271,-51.4928501
2026/02/27 13:27:50.000+00,-25.3852701,-51.4928445
2026/02/27 13:27:55.000+00,-25.385255,-51.4928166
2026/02/27 13:27:59.000+00,-25.3852366,-51.4928256
2026/02/27 13:28:04.000+00,-25.3852232,-51.4928285
2026/02/27 13:28:09.000+00,-25.3852113,-51.4928333
2026/02/27 13:28:14.000+00,-25.3851942,-51.4928375
2026/02/27 13:28:19.000+00,-25.3851804,-51.4928383
2026/02/27 13:28:24.000+00,-25.3851768,-51.4928382
2026/02/27 13:28:29.000+00,-25.3851745,-51.492838
2026/02/27 13:28:33.000+00,-25.3851431,-51.4928423
2026/02/27 13:28:37.000+00,-25.385103,-51.4928589
2026/02/27 13:28:41.000+00,-25.3850721,-51.4928636
2026/02/27 13:28:46.000+00,-25.3850705,-51.4928481
2026/02/27 13:28:51.000+00,-25.385065,-51.4928522
2026/02/27 13:28:56.000+00,-25.3850662,-51.492863
2026/02/27 13:29:01.000+00,-25.3850712,-51.4928689
2026/02/27 13:29:06.000+00,-25.385073,-51.4928694
2026/02/27 13:29:11.000+00,-25.3850744,-51.4928695
2026/02/27 13:29:15.000+00,-25.3850764,-51.4928648
2026/02/27 13:29:21.000+00,-25.3850692,-51.4928375
2026/02/27 13:29:26.000+00,-25.3850583,-51.4928338
2026/02/27 13:29:31.000+00,-25.3850591,-51.4928339
2026/02/27 13:29:36.000+00,-25.3850603,-51.4928326
2026/02/27 13:29:41.000+00,-25.3850616,-51.4928316
2026/02/27 13:29:46.000+00,-25.3850552,-51.4928326
2026/02/27 13:29:50.000+00,-25.3850512,-51.4928344
2026/02/27 13:29:55.000+00,-25.3850278,-51.4928361
2026/02/27 13:30:00.000+00,-25.3850108,-51.4928496
2026/02/27 13:30:05.000+00,-25.3849899,-51.4928554
2026/02/27 13:30:09.000+00,-25.3849938,-51.4928492
2026/02/27 13:30:13.000+00,-25.3849691,-51.492863
2026/02/27 13:30:17.000+00,-25.3849361,-51.4928759
2026/02/27 13:30:22.000+00,-25.3848942,-51.4928932
2026/02/27 13:30:26.000+00,-25.3848631,-51.492901
2026/02/27 13:30:31.000+00,-25.3848349,-51.4929106
2026/02/27 13:30:35.000+00,-25.3848106,-51.4929138
2026/02/27 13:30:35.000+00,-25.3848053,-51.4929154
2026/02/27 13:30:39.000+00,-25.3847872,-51.4929232
2026/02/27 13:30:44.000+00,-25.3847572,-51.4929389
2026/02/27 13:30:48.000+00,-25.3847302,-51.4929535
2026/02/27 13:30:53.000+00,-25.3847011,-51.4929684
2026/02/27 13:30:56.000+00,-25.3846805,-51.492975
2026/02/27 13:31:01.000+00,-25.3846531,-51.4929847
2026/02/27 13:31:06.000+00,-25.3846505,-51.4929883
2026/02/27 13:31:10.000+00,-25.384637,-51.4929891
2026/02/27 13:31:15.000+00,-25.3846218,-51.4929962
2026/02/27 13:31:19.000+00,-25.3845824,-51.4929842
2026/02/27 13:31:24.000+00,-25.3845857,-51.4929819
2026/02/27 13:31:29.000+00,-25.3845935,-51.492974
2026/02/27 13:31:34.000+00,-25.3845949,-51.4929439
2026/02/27 13:31:38.000+00,-25.3845821,-51.492925
2026/02/27 13:31:41.000+00,-25.3845588,-51.4929027
2026/02/27 13:31:45.000+00,-25.3845314,-51.4928656
2026/02/27 13:31:50.000+00,-25.3845117,-51.4928384
2026/02/27 13:31:54.000+00,-25.3844815,-51.4928099
2026/02/27 13:31:57.000+00,-25.3844655,-51.4927944
2026/02/27 13:32:01.000+00,-25.38444,-51.4927628
2026/02/27 13:32:06.000+00,-25.3844348,-51.4927619
2026/02/27 13:32:10.000+00,-25.3844324,-51.4927449
2026/02/27 13:32:15.000+00,-25.3843968,-51.4927108
2026/02/27 13:32:18.000+00,-25.3843671,-51.492687
2026/02/27 13:32:23.000+00,-25.3843349,-51.4926511
2026/02/27 13:32:27.000+00,-25.3843136,-51.4926044
2026/02/27 13:32:32.000+00,-25.3842908,-51.4925727
2026/02/27 13:32:33.000+00,-25.3842822,-51.4925704
2026/02/27 13:32:37.000+00,-25.3842747,-51.4925481
2026/02/27 13:32:41.000+00,-25.3842847,-51.4925207
2026/02/27 13:32:46.000+00,-25.3842827,-51.4925007
2026/02/27 13:32:50.000+00,-25.3843016,-51.4925149
2026/02/27 13:32:54.000+00,-25.384312,-51.4925105
2026/02/27 13:32:59.000+00,-25.384311,-51.4925119
2026/02/27 13:33:03.000+00,-25.3843301,-51.4925072
2026/02/27 13:33:08.000+00,-25.3843656,-51.4924967
2026/02/27 13:33:11.000+00,-25.3844055,-51.492495
2026/02/27 13:33:15.000+00,-25.3844135,-51.4925049
2026/02/27 13:33:20.000+00,-25.3843872,-51.4925221
2026/02/27 13:33:24.000+00,-25.3843624,-51.4925535
2026/02/27 13:33:29.000+00,-25.38438,-51.4925657
2026/02/27 13:33:34.000+00,-25.3843848,-51.4925747
2026/02/27 13:33:38.000+00,-25.3844018,-51.4926229
2026/02/27 13:33:42.000+00,-25.3844265,-51.4926428
2026/02/27 13:33:47.000+00,-25.3844437,-51.4926495
2026/02/27 13:33:51.000+00,-25.3844572,-51.4926529
2026/02/27 13:33:56.000+00,-25.3844703,-51.492692
2026/02/27 13:34:00.000+00,-25.3844978,-51.4927254
2026/02/27 13:34:04.000+00,-25.3845191,-51.492753
2026/02/27 13:34:08.000+00,-25.3845466,-51.4927837
2026/02/27 13:34:13.000+00,-25.3845635,-51.4928063
2026/02/27 13:34:17.000+00,-25.3845949,-51.492833
2026/02/27 13:34:21.000+00,-25.3846245,-51.4928511
2026/02/27 13:34:21.000+00,-25.3846265,-51.4928504
2026/02/27 13:34:26.000+00,-25.3846562,-51.492855
2026/02/27 13:34:30.000+00,-25.3846883,-51.4928464
2026/02/27 13:34:35.000+00,-25.3847192,-51.4928363
2026/02/27 13:34:39.000+00,-25.3847153,-51.4928356
2026/02/27 13:34:43.000+00,-25.3847463,-51.4928275
2026/02/27 13:34:45.000+00,-25.3847596,-51.4928237
2026/02/27 13:34:49.000+00,-25.3847986,-51.4928109
2026/02/27 13:34:53.000+00,-25.3848398,-51.4927969
2026/02/27 13:34:58.000+00,-25.3848779,-51.4927862
2026/02/27 13:35:01.000+00,-25.384893,-51.4927839
2026/02/27 13:35:06.000+00,-25.384929,-51.4927729
2026/02/27 13:35:11.000+00,-25.384963,-51.4927475
2026/02/27 13:35:15.000+00,-25.3849971,-51.4927336
2026/02/27 13:35:20.000+00,-25.3850203,-51.492727
2026/02/27 13:35:24.000+00,-25.3850479,-51.4927123
2026/02/27 13:35:28.000+00,-25.3850832,-51.4926983
2026/02/27 13:35:33.000+00,-25.3851061,-51.4926878
2026/02/27 13:35:37.000+00,-25.3851427,-51.4926773
2026/02/27 13:35:38.000+00,-25.3851482,-51.4926762
2026/02/27 13:35:43.000+00,-25.3851844,-51.4926672
2026/02/27 13:35:47.000+00,-25.3852174,-51.4926544
2026/02/27 13:35:51.000+00,-25.3852467,-51.4926439
2026/02/27 13:35:55.000+00,-25.3852783,-51.4926267
2026/02/27 13:35:59.000+00,-25.3853175,-51.4926085
2026/02/27 13:36:04.000+00,-25.385349,-51.4925915
2026/02/27 13:36:08.000+00,-25.3853649,-51.4925672
2026/02/27 13:36:12.000+00,-25.3853717,-51.4925242
2026/02/27 13:36:13.000+00,-25.3853719,-51.4925179
2026/02/27 13:36:18.000+00,-25.3853818,-51.492482
2026/02/27 13:36:22.000+00,-25.3853769,-51.4924514
2026/02/27 13:36:27.000+00,-25.385365,-51.4924399
2026/02/27 13:36:33.000+00,-25.3853602,-51.4924516
2026/02/27 13:36:38.000+00,-25.3853613,-51.4924556
2026/02/27 13:36:42.000+00,-25.3853438,-51.492469
2026/02/27 13:36:47.000+00,-25.3852894,-51.4924772
2026/02/27 13:36:52.000+00,-25.3852936,-51.4924702
2026/02/27 13:36:57.000+00,-25.3852934,-51.4924703
2026/02/27 13:37:02.000+00,-25.3852932,-51.492471
2026/02/27 13:37:07.000+00,-25.3852878,-51.4924792
2026/02/27 13:37:12.000+00,-25.3852526,-51.4924879
2026/02/27 13:37:14.000+00,-25.3852366,-51.4924996
2026/02/27 13:37:19.000+00,-25.3851941,-51.4925207
2026/02/27 13:37:24.000+00,-25.3851505,-51.4925451
2026/02/27 13:37:28.000+00,-25.3851153,-51.4925588
2026/02/27 13:37:29.000+00,-25.3851099,-51.4925613
2026/02/27 13:37:33.000+00,-25.3850756,-51.4925638
2026/02/27 13:37:37.000+00,-25.3850427,-51.4925725
2026/02/27 13:37:42.000+00,-25.3850012,-51.492592
2026/02/27 13:37:44.000+00,-25.3849768,-51.4926043
2026/02/27 13:37:49.000+00,-25.3849438,-51.492613
2026/02/27 13:37:53.000+00,-25.3849077,-51.4926265
2026/02/27 13:37:58.000+00,-25.3848743,-51.4926345
2026/02/27 13:38:02.000+00,-25.3848392,-51.4926472
2026/02/27 13:38:06.000+00,-25.384795,-51.4926668
2026/02/27 13:38:10.000+00,-25.384749,-51.4926873
2026/02/27 13:38:14.000+00,-25.3847177,-51.4927033
2026/02/27 13:38:15.000+00,-25.3847142,-51.4927056
2026/02/27 13:38:19.000+00,-25.38468,-51.4927176
2026/02/27 13:38:24.000+00,-25.3846392,-51.4927257
2026/02/27 13:38:28.000+00,-25.3846058,-51.4927341
2026/02/27 13:38:33.000+00,-25.3846057,-51.4927312
2026/02/27 13:38:38.000+00,-25.3846064,-51.4927201
2026/02/27 13:38:42.000+00,-25.3846062,-51.4927197
2026/02/27 13:38:47.000+00,-25.3846074,-51.4927068
2026/02/27 13:38:52.000+00,-25.3846125,-51.492692
2026/02/27 13:38:57.000+00,-25.3846187,-51.492686
2026/02/27 13:39:02.000+00,-25.384617,-51.4926891
2026/02/27 13:39:06.000+00,-25.3846073,-51.4926826
2026/02/27 13:39:10.000+00,-25.3845951,-51.4926591
2026/02/27 13:39:15.000+00,-25.3846056,-51.4926571
2026/02/27 13:39:20.000+00,-25.3846017,-51.4926582
2026/02/27 13:39:25.000+00,-25.3846022,-51.4926536
2026/02/27 13:39:29.000+00,-25.3846051,-51.4926524
2026/02/27 13:39:33.000+00,-25.3846077,-51.4926499
2026/02/27 13:39:38.000+00,-25.3846107,-51.4926482
2026/02/27 13:39:43.000+00,-25.3846087,-51.4926444
2026/02/27 13:39:47.000+00,-25.3846052,-51.492638
2026/02/27 13:39:53.000+00,-25.384611,-51.492617
2026/02/27 13:39:57.000+00,-25.384649,-51.4925952
2026/02/27 13:40:01.000+00,-25.3846751,-51.4925921
2026/02/27 13:40:05.000+00,-25.3846964,-51.4925858
2026/02/27 13:40:10.000+00,-25.3847347,-51.492565
2026/02/27 13:40:11.000+00,-25.3847428,-51.4925593
2026/02/27 13:40:16.000+00,-25.3847858,-51.4925393
2026/02/27 13:40:20.000+00,-25.384824,-51.4925199
2026/02/27 13:40:24.000+00,-25.3848539,-51.492515
2026/02/27 13:40:28.000+00,-25.3848774,-51.4925112
2026/02/27 13:40:33.000+00,-25.3849179,-51.4925008
2026/02/27 13:40:37.000+00,-25.3849455,-51.4924959
2026/02/27 13:40:42.000+00,-25.3849812,-51.49249
2026/02/27 13:40:45.000+00,-25.3850087,-51.4924721
2026/02/27 13:40:50.000+00,-25.3850402,-51.4924506
2026/02/27 13:40:55.000+00,-25.3850802,-51.4924351
2026/02/27 13:41:00.000+00,-25.385114,-51.4924249
2026/02/27 13:41:03.000+00,-25.3851399,-51.4924203
2026/02/27 13:41:07.000+00,-25.3851732,-51.4924048
2026/02/27 13:41:11.000+00,-25.3852091,-51.4923863
2026/02/27 13:41:16.000+00,-25.3852209,-51.4923863
2026/02/27 13:41:21.000+00,-25.3852603,-51.4923715
2026/02/27 13:41:22.000+00,-25.3852687,-51.492368
2026/02/27 13:41:26.000+00,-25.3853043,-51.4923532
2026/02/27 13:41:31.000+00,-25.3853346,-51.4923473
2026/02/27 13:41:36.000+00,-25.3853409,-51.4923567
2026/02/27 13:41:41.000+00,-25.3853413,-51.4923517
2026/02/27 13:41:45.000+00,-25.3853769,-51.492348
2026/02/27 13:41:48.000+00,-25.3854031,-51.4923492
2026/02/27 13:41:52.000+00,-25.3854316,-51.4923104
2026/02/27 13:41:56.000+00,-25.3854376,-51.4922656
2026/02/27 13:42:01.000+00,-25.3854347,-51.4922629
2026/02/27 13:42:05.000+00,-25.3854395,-51.4922676
2026/02/27 13:42:10.000+00,-25.3854422,-51.4922662
2026/02/27 13:42:14.000+00,-25.3854477,-51.4922657
2026/02/27 13:42:19.000+00,-25.3854481,-51.4922595
2026/02/27 13:42:23.000+00,-25.3854515,-51.4922354
2026/02/27 13:42:25.000+00,-25.3854639,-51.492211
2026/02/27 13:42:29.000+00,-25.3854949,-51.4921725
2026/02/27 13:42:33.000+00,-25.3855063,-51.492123
2026/02/27 13:42:38.000+00,-25.385476,-51.4920915
2026/02/27 13:42:43.000+00,-25.3854549,-51.4921025
2026/02/27 13:42:48.000+00,-25.3854534,-51.4921118
2026/02/27 13:42:52.000+00,-25.3854459,-51.4921095
2026/02/27 13:42:56.000+00,-25.385411,-51.4920953
2026/02/27 13:43:01.000+00,-25.3853965,-51.4921258
2026/02/27 13:43:05.000+00,-25.3853735,-51.4921391
2026/02/27 13:43:10.000+00,-25.3853694,-51.49215
2026/02/27 13:43:15.000+00,-25.3853684,-51.4921456
2026/02/27 13:43:20.000+00,-25.3853672,-51.4921438
2026/02/27 13:43:24.000+00,-25.3853676,-51.4921436
2026/02/27 13:43:29.000+00,-25.3853687,-51.4921466
2026/02/27 13:43:34.000+00,-25.3853654,-51.4921466
2026/02/27 13:43:39.000+00,-25.3853656,-51.4921467
2026/02/27 13:43:43.000+00,-25.3853648,-51.4921484
2026/02/27 13:43:48.000+00,-25.3853663,-51.4921509
2026/02/27 13:43:53.000+00,-25.3853667,-51.4921503
2026/02/27 13:43:58.000+00,-25.3853672,-51.4921481
2026/02/27 13:44:02.000+00,-25.3853601,-51.4921506
2026/02/27 13:44:06.000+00,-25.3853343,-51.4921576
2026/02/27 13:44:11.000+00,-25.3853043,-51.4921449
2026/02/27 13:44:16.000+00,-25.3853045,-51.4921557
2026/02/27 13:44:20.000+00,-25.3853025,-51.4921561
2026/02/27 13:44:25.000+00,-25.3852698,-51.4921763
2026/02/27 13:44:29.000+00,-25.3852219,-51.4922044
2026/02/27 13:44:34.000+00,-25.3852405,-51.4922073
2026/02/27 13:44:38.000+00,-25.3852342,-51.4922127
2026/02/27 13:44:41.000+00,-25.3852078,-51.4922221
2026/02/27 13:44:45.000+00,-25.3851625,-51.4922388
2026/02/27 13:44:49.000+00,-25.385134,-51.4922507
2026/02/27 13:44:54.000+00,-25.3850785,-51.4922569
2026/02/27 13:44:54.000+00,-25.3850757,-51.492258
2026/02/27 13:44:58.000+00,-25.3850385,-51.492269
2026/02/27 13:45:02.000+00,-25.3849979,-51.4922891
2026/02/27 13:45:07.000+00,-25.3849548,-51.4923048
2026/02/27 13:45:08.000+00,-25.3849437,-51.4923129
2026/02/27 13:45:13.000+00,-25.3849041,-51.4923349
2026/02/27 13:45:17.000+00,-25.3848662,-51.4923544
2026/02/27 13:45:22.000+00,-25.3848296,-51.4923696
2026/02/27 13:45:24.000+00,-25.3848178,-51.4923737
2026/02/27 13:45:28.000+00,-25.3847868,-51.4923896
2026/02/27 13:45:32.000+00,-25.3847499,-51.4923964
2026/02/27 13:45:36.000+00,-25.3847098,-51.492411
2026/02/27 13:45:39.000+00,-25.3846846,-51.4924221
2026/02/27 13:45:43.000+00,-25.3846506,-51.4924368
2026/02/27 13:45:47.000+00,-25.3846203,-51.4924485
2026/02/27 13:45:52.000+00,-25.3845871,-51.4924609
2026/02/27 13:45:56.000+00,-25.384555,-51.4924759
2026/02/27 13:46:00.000+00,-25.3845192,-51.492501
2026/02/27 13:46:05.000+00,-25.3844844,-51.4925149
2026/02/27 13:46:09.000+00,-25.3844486,-51.492528
2026/02/27 13:46:11.000+00,-25.384427,-51.4925324
2026/02/27 13:46:16.000+00,-25.3843954,-51.4925404
2026/02/27 13:46:20.000+00,-25.3843648,-51.4925395
2026/02/27 13:46:25.000+00,-25.3843811,-51.4925365
2026/02/27 13:46:29.000+00,-25.3843808,-51.492536
2026/02/27 13:46:33.000+00,-25.3843773,-51.4925219
2026/02/27 13:46:38.000+00,-25.3843999,-51.4925058
2026/02/27 13:46:42.000+00,-25.3844209,-51.4924823
2026/02/27 13:46:46.000+00,-25.3844301,-51.4924422
2026/02/27 13:46:51.000+00,-25.3844515,-51.4924251
2026/02/27 13:46:55.000+00,-25.3844568,-51.4924209
2026/02/27 13:46:59.000+00,-25.3844616,-51.4924263
2026/02/27 13:47:04.000+00,-25.3844664,-51.4924271
2026/02/27 13:47:09.000+00,-25.3844736,-51.4924195
2026/02/27 13:47:11.000+00,-25.384497,-51.4924028
2026/02/27 13:47:15.000+00,-25.3845341,-51.4923847
2026/02/27 13:47:20.000+00,-25.3845591,-51.4923689
2026/02/27 13:47:25.000+00,-25.3845916,-51.492343
2026/02/27 13:47:28.000+00,-25.3846156,-51.4923269
2026/02/27 13:47:33.000+00,-25.3846291,-51.4923101
2026/02/27 13:47:37.000+00,-25.3846595,-51.4922891
2026/02/27 13:47:41.000+00,-25.384683,-51.4922737
2026/02/27 13:47:45.000+00,-25.3847194,-51.4922782
2026/02/27 13:47:50.000+00,-25.3847466,-51.4922797
2026/02/27 13:47:54.000+00,-25.3847765,-51.49226
2026/02/27 13:47:59.000+00,-25.3848219,-51.4922454
2026/02/27 13:48:03.000+00,-25.3848528,-51.4922218
2026/02/27 13:48:05.000+00,-25.384873,-51.4922223
2026/02/27 13:48:09.000+00,-25.3849121,-51.492219
2026/02/27 13:48:14.000+00,-25.384948,-51.4922103
2026/02/27 13:48:18.000+00,-25.3849735,-51.4921956
2026/02/27 13:48:22.000+00,-25.3850075,-51.4921796
2026/02/27 13:48:26.000+00,-25.3850349,-51.4921657
2026/02/27 13:48:31.000+00,-25.385079,-51.4921396
2026/02/27 13:48:35.000+00,-25.3851134,-51.492119
2026/02/27 13:48:39.000+00,-25.3851354,-51.4921148
2026/02/27 13:48:43.000+00,-25.3851799,-51.4921035
2026/02/27 13:48:47.000+00,-25.385221,-51.4920837
2026/02/27 13:48:52.000+00,-25.3852635,-51.4920651
2026/02/27 13:48:56.000+00,-25.3853117,-51.492055
2026/02/27 13:49:00.000+00,-25.3853557,-51.4920297
2026/02/27 13:49:04.000+00,-25.3853956,-51.4920215
2026/02/27 13:49:09.000+00,-25.3854319,-51.491997
2026/02/27 13:49:13.000+00,-25.3854729,-51.4919818
2026/02/27 13:49:17.000+00,-25.385509,-51.4919665
2026/02/27 13:49:18.000+00,-25.3855231,-51.4919633
2026/02/27 13:49:23.000+00,-25.3855665,-51.4919591
2026/02/27 13:49:27.000+00,-25.3856023,-51.4919612
2026/02/27 13:49:31.000+00,-25.3856015,-51.4919165
2026/02/27 13:49:35.000+00,-25.3856017,-51.4918726
2026/02/27 13:49:40.000+00,-25.3855649,-51.4918542
2026/02/27 13:49:44.000+00,-25.3855376,-51.4918842
2026/02/27 13:49:48.000+00,-25.3855036,-51.4919092
2026/02/27 13:49:53.000+00,-25.3854532,-51.4919117
2026/02/27 13:49:57.000+00,-25.3854076,-51.491927
2026/02/27 13:49:59.000+00,-25.3853893,-51.4919333
2026/02/27 13:50:03.000+00,-25.385355,-51.4919468
2026/02/27 13:50:07.000+00,-25.385317,-51.4919643
2026/02/27 13:50:12.000+00,-25.3852777,-51.4919769
2026/02/27 13:50:13.000+00,-25.3852607,-51.4919847
2026/02/27 13:50:18.000+00,-25.3852307,-51.4919877
2026/02/27 13:50:22.000+00,-25.385196,-51.4920023
2026/02/27 13:50:26.000+00,-25.3851562,-51.4920146
2026/02/27 13:50:29.000+00,-25.3851251,-51.4920184
2026/02/27 13:50:33.000+00,-25.3850891,-51.4920354
2026/02/27 13:50:37.000+00,-25.3850526,-51.4920454
2026/02/27 13:50:41.000+00,-25.3850138,-51.4920638
2026/02/27 13:50:44.000+00,-25.3849943,-51.4920765
2026/02/27 13:50:48.000+00,-25.3849581,-51.4920919
2026/02/27 13:50:52.000+00,-25.3849176,-51.4921097
2026/02/27 13:50:56.000+00,-25.384879,-51.4921228
2026/02/27 13:50:58.000+00,-25.3848642,-51.492124
2026/02/27 13:51:02.000+00,-25.3848302,-51.4921373
2026/02/27 13:51:07.000+00,-25.38479,-51.4921542
2026/02/27 13:51:11.000+00,-25.3847534,-51.4921673
2026/02/27 13:51:13.000+00,-25.3847367,-51.4921775
2026/02/27 13:51:17.000+00,-25.3847022,-51.4921971
2026/02/27 13:51:22.000+00,-25.3846552,-51.4922079
2026/02/27 13:51:26.000+00,-25.3846204,-51.4922341
2026/02/27 13:51:27.000+00,-25.3846137,-51.4922446
2026/02/27 13:51:32.000+00,-25.3846001,-51.4922819
2026/02/27 13:51:36.000+00,-25.3845991,-51.4923103
2026/02/27 13:51:41.000+00,-25.3845958,-51.4923411
2026/02/27 13:51:45.000+00,-25.3845677,-51.4923641
2026/02/27 13:51:47.000+00,-25.3845586,-51.4923809
2026/02/27 13:51:51.000+00,-25.3845255,-51.4923994
2026/02/27 13:51:55.000+00,-25.3845037,-51.4924084
2026/02/27 13:52:00.000+00,-25.3845054,-51.4924193
2026/02/27 13:52:05.000+00,-25.3845067,-51.4924093
2026/02/27 13:52:09.000+00,-25.3844983,-51.4924184
2026/02/27 13:52:13.000+00,-25.3844446,-51.492443
2026/02/27 13:52:15.000+00,-25.3844351,-51.4924486
2026/02/27 13:52:19.000+00,-25.3844148,-51.492474
2026/02/27 13:52:23.000+00,-25.3843785,-51.4924833
2026/02/27 13:52:27.000+00,-25.3843406,-51.4924994
2026/02/27 13:52:32.000+00,-25.3843263,-51.4925101
2026/02/27 13:52:36.000+00,-25.3843388,-51.4925126
2026/02/27 13:52:41.000+00,-25.3843899,-51.4925085
2026/02/27 13:52:45.000+00,-25.3844263,-51.4925015
2026/02/27 13:52:49.000+00,-25.3844163,-51.4925292
2026/02/27 13:52:54.000+00,-25.3844189,-51.4925176
2026/02/27 13:52:58.000+00,-25.3844108,-51.4925118
2026/02/27 13:53:03.000+00,-25.3844097,-51.4925094
2026/02/27 13:53:08.000+00,-25.3843953,-51.4925079
2026/02/27 13:53:12.000+00,-25.3843721,-51.4924725
2026/02/27 13:53:17.000+00,-25.3843886,-51.4924528
2026/02/27 13:53:21.000+00,-25.3844294,-51.492446
2026/02/27 13:53:26.000+00,-25.3844711,-51.4924299
2026/02/27 13:53:30.000+00,-25.3845071,-51.492413
2026/02/27 13:53:35.000+00,-25.3845421,-51.4923984
2026/02/27 13:53:37.000+00,-25.3845585,-51.4923851
2026/02/27 13:53:41.000+00,-25.3845822,-51.492351
2026/02/27 13:53:45.000+00,-25.3845916,-51.4923012
2026/02/27 13:53:50.000+00,-25.3845711,-51.4922479
2026/02/27 13:53:52.000+00,-25.3845469,-51.4922363
2026/02/27 13:53:56.000+00,-25.384508,-51.4922302
2026/02/27 13:54:00.000+00,-25.3844722,-51.4922077
2026/02/27 13:54:04.000+00,-25.3844424,-51.4921965
2026/02/27 13:54:08.000+00,-25.3844127,-51.4921853
2026/02/27 13:54:12.000+00,-25.384386,-51.4921615
2026/02/27 13:54:16.000+00,-25.3843557,-51.492131
2026/02/27 13:54:21.000+00,-25.3843622,-51.4921152
2026/02/27 13:54:26.000+00,-25.3843784,-51.4921078
2026/02/27 13:54:31.000+00,-25.3843937,-51.4920974
2026/02/27 13:54:35.000+00,-25.3843948,-51.492097
2026/02/27 13:54:40.000+00,-25.3844032,-51.492092
2026/02/27 13:54:45.000+00,-25.3844322,-51.4921035
2026/02/27 13:54:49.000+00,-25.3844526,-51.4921095
2026/02/27 13:54:54.000+00,-25.3844998,-51.4921257
2026/02/27 13:54:59.000+00,-25.3845268,-51.4921295
2026/02/27 13:55:02.000+00,-25.3845384,-51.4921226
2026/02/27 13:55:06.000+00,-25.3845676,-51.4921325
2026/02/27 13:55:12.000+00,-25.3846028,-51.4921132
2026/02/27 13:55:16.000+00,-25.384615,-51.4920952
2026/02/27 13:55:20.000+00,-25.3846539,-51.4920689
2026/02/27 13:55:22.000+00,-25.3846626,-51.4920618
2026/02/27 13:55:26.000+00,-25.3846876,-51.4920398
2026/02/27 13:55:30.000+00,-25.3847212,-51.4920205
2026/02/27 13:55:34.000+00,-25.3847572,-51.4920038
2026/02/27 13:55:39.000+00,-25.3847893,-51.4920002
2026/02/27 13:55:39.000+00,-25.3847913,-51.4919989
2026/02/27 13:55:44.000+00,-25.3848288,-51.4919708
2026/02/27 13:55:48.000+00,-25.3848593,-51.4919534
2026/02/27 13:55:52.000+00,-25.3848904,-51.4919348
2026/02/27 13:55:55.000+00,-25.384912,-51.4919249
2026/02/27 13:55:59.000+00,-25.3849465,-51.4919121
2026/02/27 13:56:03.000+00,-25.3849835,-51.4918959
2026/02/27 13:56:07.000+00,-25.3850212,-51.4918832
2026/02/27 13:56:09.000+00,-25.3850418,-51.4918766
2026/02/27 13:56:13.000+00,-25.3850812,-51.4918581
2026/02/27 13:56:18.000+00,-25.3851147,-51.491843
2026/02/27 13:56:22.000+00,-25.3851534,-51.4918287
2026/02/27 13:56:24.000+00,-25.3851718,-51.4918212
2026/02/27 13:56:29.000+00,-25.3852061,-51.4917994
2026/02/27 13:56:34.000+00,-25.3852363,-51.4917912
2026/02/27 13:56:38.000+00,-25.3852843,-51.4917791
2026/02/27 13:56:41.000+00,-25.3853058,-51.4917769
2026/02/27 13:56:45.000+00,-25.3853393,-51.4917808
2026/02/27 13:56:49.000+00,-25.3853763,-51.4917574
2026/02/27 13:56:53.000+00,-25.3854168,-51.4917401
2026/02/27 13:56:56.000+00,-25.3854414,-51.4917328
2026/02/27 13:57:00.000+00,-25.3854829,-51.4917256
2026/02/27 13:57:04.000+00,-25.3855239,-51.4917195
2026/02/27 13:57:09.000+00,-25.3855691,-51.4917082
2026/02/27 13:57:10.000+00,-25.3855776,-51.4917115
2026/02/27 13:57:14.000+00,-25.3856124,-51.4917104
2026/02/27 13:57:18.000+00,-25.3856514,-51.4916933
2026/02/27 13:57:22.000+00,-25.3856936,-51.4916824
2026/02/27 13:57:24.000+00,-25.3857098,-51.4916731
2026/02/27 13:57:29.000+00,-25.3857184,-51.4916312
2026/02/27 13:57:33.000+00,-25.385735,-51.4915971
2026/02/27 13:57:37.000+00,-25.3857385,-51.4915534
2026/02/27 13:57:42.000+00,-25.3857345,-51.4915416
2026/02/27 13:57:47.000+00,-25.3857344,-51.4915452
2026/02/27 13:57:52.000+00,-25.3857287,-51.4915324
2026/02/27 13:57:52.000+00,-25.3857246,-51.491522
2026/02/27 13:57:57.000+00,-25.3857287,-51.4914956
2026/02/27 13:58:01.000+00,-25.3857196,-51.4914872
2026/02/27 13:58:05.000+00,-25.3856752,-51.4914988
2026/02/27 13:58:09.000+00,-25.3856534,-51.491503
2026/02/27 13:58:14.000+00,-25.3856096,-51.4915103
2026/02/27 13:58:16.000+00,-25.3855867,-51.491522
2026/02/27 13:58:20.000+00,-25.3855457,-51.4915404
2026/02/27 13:58:25.000+00,-25.3854978,-51.4915594
2026/02/27 13:58:29.000+00,-25.385454,-51.4915751
2026/02/27 13:58:30.000+00,-25.3854475,-51.4915769
2026/02/27 13:58:34.000+00,-25.3854029,-51.4915891
2026/02/27 13:58:38.000+00,-25.3853647,-51.4916038
2026/02/27 13:58:42.000+00,-25.3853237,-51.4916175
2026/02/27 13:58:46.000+00,-25.3852854,-51.4916386
2026/02/27 13:58:50.000+00,-25.3852456,-51.4916517
2026/02/27 13:58:55.000+00,-25.3852134,-51.4916618
2026/02/27 13:58:57.000+00,-25.3851962,-51.4916679
2026/02/27 13:59:02.000+00,-25.3851707,-51.4916642
2026/02/27 13:59:06.000+00,-25.3851399,-51.4916987
2026/02/27 13:59:10.000+00,-25.3851006,-51.4916983
2026/02/27 13:59:14.000+00,-25.3850615,-51.4917002
2026/02/27 13:59:19.000+00,-25.3850188,-51.4917024
2026/02/27 13:59:24.000+00,-25.3850149,-51.4916992
2026/02/27 13:59:29.000+00,-25.3850187,-51.4917033
2026/02/27 13:59:33.000+00,-25.3850191,-51.4917028
2026/02/27 13:59:38.000+00,-25.3850163,-51.4917052
2026/02/27 13:59:42.000+00,-25.3850137,-51.4917034
2026/02/27 13:59:47.000+00,-25.3850172,-51.4916971
2026/02/27 13:59:52.000+00,-25.3850184,-51.4916956
2026/02/27 13:59:57.000+00,-25.3850199,-51.4916957
2026/02/27 14:00:02.000+00,-25.3850209,-51.4916937
2026/02/27 14:00:07.000+00,-25.3850206,-51.4916948
2026/02/27 14:00:12.000+00,-25.385021,-51.4916966
2026/02/27 14:00:17.000+00,-25.3850211,-51.4916967
2026/02/27 14:00:22.000+00,-25.3850212,-51.4916968
2026/02/27 14:00:26.000+00,-25.3850196,-51.491701
2026/02/27 14:00:31.000+00,-25.3850199,-51.4916992
2026/02/27 14:00:36.000+00,-25.3850185,-51.4916997
2026/02/27 14:00:41.000+00,-25.3850146,-51.4916992
2026/02/27 14:00:45.000+00,-25.3850119,-51.4916962
2026/02/27 14:00:49.000+00,-25.3849677,-51.4917133
2026/02/27 14:00:53.000+00,-25.384927,-51.4917405
2026/02/27 14:00:57.000+00,-25.3848883,-51.4917602
2026/02/27 14:01:02.000+00,-25.3848488,-51.491774
2026/02/27 14:01:06.000+00,-25.3848045,-51.4917862
2026/02/27 14:01:07.000+00,-25.384798,-51.4917885
2026/02/27 14:01:11.000+00,-25.3847553,-51.4917991
2026/02/27 14:01:15.000+00,-25.3847211,-51.4918132
2026/02/27 14:01:19.000+00,-25.3846869,-51.4918404
2026/02/27 14:01:20.000+00,-25.3846748,-51.4918514
2026/02/27 14:01:25.000+00,-25.3846446,-51.4918892
2026/02/27 14:01:29.000+00,-25.3846274,-51.491907
2026/02/27 14:01:34.000+00,-25.3846287,-51.4919093
2026/02/27 14:01:38.000+00,-25.3845943,-51.4919341
2026/02/27 14:01:41.000+00,-25.3845747,-51.4919531
2026/02/27 14:01:45.000+00,-25.3845462,-51.4919888
2026/02/27 14:01:49.000+00,-25.3845215,-51.4920191
2026/02/27 14:01:53.000+00,-25.3844865,-51.4920395
2026/02/27 14:01:55.000+00,-25.3844662,-51.4920465
2026/02/27 14:02:00.000+00,-25.3844457,-51.4920518
2026/02/27 14:02:05.000+00,-25.3844251,-51.4920284
2026/02/27 14:02:09.000+00,-25.3844249,-51.4919743
2026/02/27 14:02:14.000+00,-25.3844162,-51.4919794
2026/02/27 14:02:18.000+00,-25.3844174,-51.4919743
2026/02/27 14:02:23.000+00,-25.3844193,-51.4919778
2026/02/27 14:02:28.000+00,-25.3844201,-51.4919787
2026/02/27 14:02:33.000+00,-25.3844245,-51.4919778
2026/02/27 14:02:37.000+00,-25.3844268,-51.4919797
2026/02/27 14:02:41.000+00,-25.3844272,-51.4919807
2026/02/27 14:02:46.000+00,-25.3844391,-51.4919679
2026/02/27 14:02:50.000+00,-25.3844743,-51.4919383
2026/02/27 14:02:55.000+00,-25.3844959,-51.4919132
2026/02/27 14:02:58.000+00,-25.3845131,-51.4919017
2026/02/27 14:03:02.000+00,-25.3845405,-51.4918708
2026/02/27 14:03:06.000+00,-25.3845669,-51.4918474
2026/02/27 14:03:10.000+00,-25.3845904,-51.4918196
2026/02/27 14:03:14.000+00,-25.3846131,-51.4917956
2026/02/27 14:03:18.000+00,-25.3846445,-51.4917648
2026/02/27 14:03:22.000+00,-25.3846834,-51.4917415
2026/02/27 14:03:27.000+00,-25.3847262,-51.4917196
2026/02/27 14:03:28.000+00,-25.384732,-51.4917145
2026/02/27 14:03:32.000+00,-25.3847678,-51.4916898
2026/02/27 14:03:36.000+00,-25.3848029,-51.4916783
2026/02/27 14:03:40.000+00,-25.3848452,-51.4916642
2026/02/27 14:03:42.000+00,-25.3848578,-51.491659
2026/02/27 14:03:46.000+00,-25.3848911,-51.4916426
2026/02/27 14:03:51.000+00,-25.3849311,-51.4916302
2026/02/27 14:03:56.000+00,-25.3849752,-51.4916174
2026/02/27 14:03:58.000+00,-25.3849898,-51.4916152
2026/02/27 14:04:02.000+00,-25.3850052,-51.4916241
2026/02/27 14:04:07.000+00,-25.3850079,-51.4916562
2026/02/27 14:04:11.000+00,-25.3850281,-51.4916938
2026/02/27 14:04:16.000+00,-25.3850452,-51.4916968
2026/02/27 14:04:20.000+00,-25.3850424,-51.4916898
2026/02/27 14:04:24.000+00,-25.3850317,-51.4916919
2026/02/27 14:04:29.000+00,-25.3850336,-51.4916912
2026/02/27 14:04:34.000+00,-25.385036,-51.4916918
2026/02/27 14:04:39.000+00,-25.3850364,-51.4916911
2026/02/27 14:04:43.000+00,-25.3850265,-51.4916871
2026/02/27 14:04:48.000+00,-25.3850241,-51.4916842
2026/02/27 14:04:52.000+00,-25.3850242,-51.4916839
2026/02/27 14:04:57.000+00,-25.3850255,-51.4916832
2026/02/27 14:05:02.000+00,-25.3850251,-51.4916832
2026/02/27 14:05:07.000+00,-25.3850268,-51.4916846
2026/02/27 14:05:12.000+00,-25.3850284,-51.4916841
2026/02/27 14:05:17.000+00,-25.385021,-51.4916855
2026/02/27 14:05:22.000+00,-25.3850192,-51.4916861
2026/02/27 14:05:27.000+00,-25.3850192,-51.4916862
2026/02/27 14:05:32.000+00,-25.3850213,-51.491686
2026/02/27 14:05:37.000+00,-25.3850242,-51.4916864
2026/02/27 14:05:41.000+00,-25.385024,-51.4916872
2026/02/27 14:05:46.000+00,-25.3850285,-51.4916887
2026/02/27 14:05:52.000+00,-25.3850316,-51.4916949
2026/02/27 14:05:56.000+00,-25.3850324,-51.4916962
2026/02/27 14:06:35.000+00,-25.3850367,-51.4916966
2026/02/27 14:06:40.000+00,-25.3850368,-51.4916768
2026/02/27 14:06:45.000+00,-25.385057,-51.4916621
2026/02/27 14:06:50.000+00,-25.3850621,-51.4916215
2026/02/27 14:06:54.000+00,-25.3850777,-51.4915599
2026/02/27 14:06:57.000+00,-25.3851083,-51.4915369
2026/02/27 14:07:02.000+00,-25.3851339,-51.4915169
2026/02/27 14:07:07.000+00,-25.3851634,-51.4915106
2026/02/27 14:07:11.000+00,-25.3851814,-51.4915201
2026/02/27 14:07:15.000+00,-25.3852151,-51.4915061
2026/02/27 14:07:18.000+00,-25.3852386,-51.4914921
2026/02/27 14:07:23.000+00,-25.3852808,-51.4914893
2026/02/27 14:07:27.000+00,-25.3852915,-51.4914666
2026/02/27 14:07:32.000+00,-25.3853197,-51.4914471
2026/02/27 14:07:36.000+00,-25.3853492,-51.4914456
2026/02/27 14:07:38.000+00,-25.3853655,-51.4914358
2026/02/27 14:07:43.000+00,-25.3853945,-51.4914199
2026/02/27 14:07:47.000+00,-25.3854071,-51.4914237
2026/02/27 14:07:52.000+00,-25.3854454,-51.4914142
2026/02/27 14:07:56.000+00,-25.3854819,-51.4914104
2026/02/27 14:07:59.000+00,-25.3855003,-51.4914023
2026/02/27 14:08:04.000+00,-25.385537,-51.4913775
2026/02/27 14:08:08.000+00,-25.3855732,-51.4913576
2026/02/27 14:08:12.000+00,-25.3855994,-51.4913427
2026/02/27 14:08:15.000+00,-25.3856254,-51.4913318
2026/02/27 14:08:20.000+00,-25.3856712,-51.491327
2026/02/27 14:08:24.000+00,-25.3857114,-51.4913145
2026/02/27 14:08:29.000+00,-25.3857608,-51.4913153
2026/02/27 14:08:33.000+00,-25.3858031,-51.4913137
2026/02/27 14:08:38.000+00,-25.3858179,-51.4912662
2026/02/27 14:08:42.000+00,-25.3858231,-51.4912146
2026/02/27 14:08:45.000+00,-25.3858133,-51.4911779
2026/02/27 14:08:50.000+00,-25.3858135,-51.4911298
2026/02/27 14:08:54.000+00,-25.3858106,-51.4910758
2026/02/27 14:08:58.000+00,-25.3858198,-51.4910345
2026/02/27 14:09:00.000+00,-25.3858282,-51.4910242
2026/02/27 14:09:04.000+00,-25.3858501,-51.4909966
2026/02/27 14:09:09.000+00,-25.3859038,-51.4909909
2026/02/27 14:09:14.000+00,-25.3859158,-51.4910533
2026/02/27 14:09:18.000+00,-25.3859126,-51.4910434
2026/02/27 14:09:23.000+00,-25.3859167,-51.4910453
2026/02/27 14:09:27.000+00,-25.3859567,-51.4910431
2026/02/27 14:09:29.000+00,-25.3859671,-51.4910254
2026/02/27 14:09:33.000+00,-25.3860181,-51.4910063
2026/02/27 14:09:38.000+00,-25.386058,-51.490973
2026/02/27 14:09:42.000+00,-25.3860772,-51.490936
2026/02/27 14:09:46.000+00,-25.3861049,-51.490911
2026/02/27 14:09:51.000+00,-25.3861296,-51.4908662
2026/02/27 14:09:55.000+00,-25.3861286,-51.4908706
2026/02/27 14:10:00.000+00,-25.3861246,-51.4908747
2026/02/27 14:10:05.000+00,-25.3861258,-51.4908594
2026/02/27 14:10:08.000+00,-25.3861703,-51.4908225
2026/02/27 14:10:13.000+00,-25.3862132,-51.4907883
2026/02/27 14:10:17.000+00,-25.3862514,-51.49076
2026/02/27 14:10:22.000+00,-25.386251,-51.4907274
2026/02/27 14:10:23.000+00,-25.3862653,-51.4907145
2026/02/27 14:10:27.000+00,-25.3863014,-51.4906911
2026/02/27 14:10:32.000+00,-25.3863354,-51.4906672
2026/02/27 14:10:36.000+00,-25.3863679,-51.4906422
2026/02/27 14:10:38.000+00,-25.3863832,-51.4906286
2026/02/27 14:10:42.000+00,-25.3864158,-51.490594
2026/02/27 14:10:46.000+00,-25.3864568,-51.4905692
2026/02/27 14:10:50.000+00,-25.3864906,-51.490531
2026/02/27 14:10:55.000+00,-25.3865336,-51.4904995
2026/02/27 14:10:59.000+00,-25.3865657,-51.4904817
2026/02/27 14:11:03.000+00,-25.3866017,-51.4904472
2026/02/27 14:11:04.000+00,-25.3866071,-51.4904434
2026/02/27 14:11:08.000+00,-25.3866464,-51.4904183
2026/02/27 14:11:12.000+00,-25.3866883,-51.4903922
2026/02/27 14:11:16.000+00,-25.386725,-51.4903623
2026/02/27 14:11:21.000+00,-25.3867695,-51.4903303
2026/02/27 14:11:25.000+00,-25.3868079,-51.4902981
2026/02/27 14:11:28.000+00,-25.3868337,-51.4902686
2026/02/27 14:11:33.000+00,-25.3868722,-51.4902332
2026/02/27 14:11:37.000+00,-25.3869084,-51.4902037
2026/02/27 14:11:41.000+00,-25.3869506,-51.4901822
2026/02/27 14:11:45.000+00,-25.3869926,-51.4901639
2026/02/27 14:11:50.000+00,-25.3870273,-51.4901459
2026/02/27 14:11:54.000+00,-25.3870483,-51.4901463
2026/02/27 14:11:59.000+00,-25.3870263,-51.4901421
2026/02/27 14:12:04.000+00,-25.3869735,-51.4901667
2026/02/27 14:12:08.000+00,-25.3869256,-51.4901936
2026/02/27 14:12:12.000+00,-25.3868964,-51.4902378
2026/02/27 14:12:17.000+00,-25.3868666,-51.490269
2026/02/27 14:12:19.000+00,-25.3868425,-51.4902772
2026/02/27 14:12:24.000+00,-25.3868049,-51.4903004
2026/02/27 14:12:28.000+00,-25.3867753,-51.4903279
2026/02/27 14:12:32.000+00,-25.3867373,-51.4903585
2026/02/27 14:12:33.000+00,-25.3867319,-51.4903636
2026/02/27 14:12:37.000+00,-25.3866864,-51.490399
2026/02/27 14:12:42.000+00,-25.3866418,-51.4904353
2026/02/27 14:12:45.000+00,-25.3866192,-51.490455
2026/02/27 14:12:49.000+00,-25.3865859,-51.49048
2026/02/27 14:12:53.000+00,-25.3865465,-51.4905085
2026/02/27 14:12:58.000+00,-25.3865069,-51.4905388
2026/02/27 14:13:02.000+00,-25.3864628,-51.4905717
2026/02/27 14:13:06.000+00,-25.3864219,-51.490597
2026/02/27 14:13:10.000+00,-25.3863886,-51.4906125
2026/02/27 14:13:14.000+00,-25.386346,-51.4906362
2026/02/27 14:13:19.000+00,-25.3863237,-51.4906522
2026/02/27 14:13:24.000+00,-25.3862832,-51.4906874
2026/02/27 14:13:24.000+00,-25.3862718,-51.4906967
2026/02/27 14:13:29.000+00,-25.3862212,-51.4907409
2026/02/27 14:13:33.000+00,-25.3861932,-51.4907872
2026/02/27 14:13:35.000+00,-25.3861755,-51.4908057
2026/02/27 14:13:40.000+00,-25.3861395,-51.4908361
2026/02/27 14:13:44.000+00,-25.3861061,-51.4908704
2026/02/27 14:13:49.000+00,-25.3860695,-51.4908878
2026/02/27 14:13:51.000+00,-25.386063,-51.4908967
2026/02/27 14:13:55.000+00,-25.3860279,-51.4909286
2026/02/27 14:14:00.000+00,-25.3859976,-51.4909289
2026/02/27 14:14:05.000+00,-25.3860261,-51.490929
2026/02/27 14:14:10.000+00,-25.3860389,-51.4909285
2026/02/27 14:14:15.000+00,-25.386025,-51.4909418
2026/02/27 14:14:20.000+00,-25.3859744,-51.4909573
2026/02/27 14:14:23.000+00,-25.385943,-51.4909745
2026/02/27 14:14:27.000+00,-25.3859137,-51.4909955
2026/02/27 14:14:32.000+00,-25.3858811,-51.4909868
2026/02/27 14:14:36.000+00,-25.3858585,-51.4909591
2026/02/27 14:14:41.000+00,-25.3858405,-51.4909209
2026/02/27 14:14:45.000+00,-25.3858423,-51.4908798
2026/02/27 14:14:46.000+00,-25.3858353,-51.4908697
2026/02/27 14:14:50.000+00,-25.3858396,-51.4908335
2026/02/27 14:14:54.000+00,-25.3858294,-51.4907929
2026/02/27 14:14:59.000+00,-25.3858128,-51.4907576
2026/02/27 14:15:04.000+00,-25.3857895,-51.4907249
2026/02/27 14:15:08.000+00,-25.3857765,-51.4907023
2026/02/27 14:15:13.000+00,-25.3857805,-51.4907017
2026/02/27 14:15:17.000+00,-25.3857629,-51.4906518
2026/02/27 14:15:22.000+00,-25.3857817,-51.4906296
2026/02/27 14:15:26.000+00,-25.3857647,-51.4906114
2026/02/27 14:15:31.000+00,-25.3857825,-51.4906037
2026/02/27 14:15:33.000+00,-25.3857711,-51.4905758
2026/02/27 14:15:37.000+00,-25.3857317,-51.4905408
2026/02/27 14:15:42.000+00,-25.385721,-51.4904947
2026/02/27 14:15:47.000+00,-25.3857114,-51.4904501
2026/02/27 14:15:48.000+00,-25.3857054,-51.4904412
2026/02/27 14:15:53.000+00,-25.3856862,-51.4904043
2026/02/27 14:15:57.000+00,-25.3856674,-51.4903732
2026/02/27 14:16:01.000+00,-25.3856496,-51.4903389
2026/02/27 14:16:05.000+00,-25.3856442,-51.490315
2026/02/27 14:16:06.000+00,-25.385641,-51.4903096
2026/02/27 14:16:11.000+00,-25.385617,-51.4902804
2026/02/27 14:16:15.000+00,-25.3856103,-51.4902396
2026/02/27 14:16:19.000+00,-25.3855855,-51.4901995
2026/02/27 14:16:21.000+00,-25.3855694,-51.4901768
2026/02/27 14:16:26.000+00,-25.3855617,-51.4901595
2026/02/27 14:16:30.000+00,-25.3855798,-51.490153
2026/02/27 14:16:35.000+00,-25.3855754,-51.4901931
2026/02/27 14:16:39.000+00,-25.3855762,-51.4901936
2026/02/27 14:16:43.000+00,-25.3855716,-51.4901902
2026/02/27 14:16:48.000+00,-25.3855723,-51.4901892
2026/02/27 14:16:53.000+00,-25.3855699,-51.4901885
2026/02/27 14:16:59.000+00,-25.3855663,-51.4901903
2026/02/27 14:17:04.000+00,-25.3855673,-51.4901961
2026/02/27 14:17:09.000+00,-25.3855675,-51.490196
2026/02/27 14:17:18.000+00,-25.3855727,-51.490194
2026/02/27 14:17:33.000+00,-25.3855773,-51.4901949
2026/02/27 14:17:38.000+00,-25.3855759,-51.4901955
2026/02/27 14:17:53.000+00,-25.3855688,-51.4901909
2026/02/27 14:17:58.000+00,-25.3855689,-51.4901907
2026/02/27 14:18:12.000+00,-25.3855727,-51.4901882
2026/02/27 14:18:16.000+00,-25.3855778,-51.490187
2026/02/27 14:18:20.000+00,-25.3855752,-51.4901968
2026/02/27 14:18:25.000+00,-25.3855721,-51.4901899
2026/02/27 14:18:29.000+00,-25.385565,-51.4901651
2026/02/27 14:18:34.000+00,-25.38556,-51.4901639
2026/02/27 14:18:38.000+00,-25.3855611,-51.4901633
2026/02/27 14:18:43.000+00,-25.3855597,-51.4901602
2026/02/27 14:18:47.000+00,-25.3855604,-51.4901598
2026/02/27 14:18:52.000+00,-25.385564,-51.4901669
2026/02/27 14:18:57.000+00,-25.3855648,-51.4901683
2026/02/27 14:19:02.000+00,-25.385565,-51.4901708
2026/02/27 14:19:07.000+00,-25.385564,-51.4901721
2026/02/27 14:19:12.000+00,-25.3855628,-51.4901739
2026/02/27 14:19:17.000+00,-25.3855624,-51.490174
2026/02/27 14:19:27.000+00,-25.3855623,-51.490174
2026/02/27 14:19:32.000+00,-25.3855675,-51.4901555
2026/02/27 14:19:37.000+00,-25.3855676,-51.4901546
2026/02/27 14:19:47.000+00,-25.3855666,-51.4901549
2026/02/27 14:19:52.000+00,-25.3855653,-51.4901557
2026/02/27 14:19:57.000+00,-25.3855646,-51.4901562
2026/02/27 14:20:02.000+00,-25.3855647,-51.4901561
2026/02/27 14:20:16.000+00,-25.3855647,-51.490156
2026/02/27 14:20:20.000+00,-25.3855548,-51.490121
2026/02/27 14:20:25.000+00,-25.3855571,-51.4901053
2026/02/27 14:20:29.000+00,-25.3855572,-51.4900841
2026/02/27 14:20:33.000+00,-25.3855441,-51.4900415
2026/02/27 14:20:34.000+00,-25.3855382,-51.4900253
2026/02/27 14:20:39.000+00,-25.385521,-51.4899772
2026/02/27 14:20:43.000+00,-25.3855149,-51.4899331
2026/02/27 14:20:48.000+00,-25.38551,-51.489894
2026/02/27 14:20:49.000+00,-25.3855054,-51.4898797
2026/02/27 14:20:54.000+00,-25.3854878,-51.4898346
2026/02/27 14:20:58.000+00,-25.3854743,-51.4897988
2026/02/27 14:21:02.000+00,-25.3854631,-51.4897637
2026/02/27 14:21:04.000+00,-25.3854578,-51.4897399
2026/02/27 14:21:09.000+00,-25.3854447,-51.489691
2026/02/27 14:21:13.000+00,-25.3854287,-51.4896473
2026/02/27 14:21:17.000+00,-25.3854186,-51.489604
2026/02/27 14:21:18.000+00,-25.3854155,-51.4895965
2026/02/27 14:21:22.000+00,-25.3854071,-51.4895497
2026/02/27 14:21:26.000+00,-25.3853912,-51.4895069
2026/02/27 14:21:31.000+00,-25.3853754,-51.4894654
2026/02/27 14:21:32.000+00,-25.3853722,-51.4894533
2026/02/27 14:21:36.000+00,-25.3853559,-51.4894076
2026/02/27 14:21:40.000+00,-25.3853318,-51.4893781
2026/02/27 14:21:45.000+00,-25.3853115,-51.4893304
2026/02/27 14:21:46.000+00,-25.3853082,-51.4893203
2026/02/27 14:21:50.000+00,-25.3852922,-51.4892787
2026/02/27 14:21:55.000+00,-25.3852738,-51.4892507
2026/02/27 14:21:59.000+00,-25.3852388,-51.4892256
2026/02/27 14:22:03.000+00,-25.3852138,-51.4892041
2026/02/27 14:22:08.000+00,-25.3851792,-51.4891772
2026/02/27 14:22:12.000+00,-25.3851599,-51.4891658
2026/02/27 14:22:17.000+00,-25.3851301,-51.4891397
2026/02/27 14:22:20.000+00,-25.3851059,-51.489113
2026/02/27 14:22:24.000+00,-25.3850736,-51.4890898
2026/02/27 14:22:29.000+00,-25.3850515,-51.4890645
2026/02/27 14:22:33.000+00,-25.3850178,-51.4890597
2026/02/27 14:22:37.000+00,-25.3849884,-51.4890692
2026/02/27 14:22:40.000+00,-25.384969,-51.4890757
2026/02/27 14:22:44.000+00,-25.3849219,-51.4890853
2026/02/27 14:22:48.000+00,-25.384891,-51.4890967
2026/02/27 14:22:52.000+00,-25.3848527,-51.4891026
2026/02/27 14:22:55.000+00,-25.384835,-51.4891114
2026/02/27 14:22:59.000+00,-25.3847964,-51.4890938
2026/02/27 14:23:04.000+00,-25.3847603,-51.4890831
2026/02/27 14:23:08.000+00,-25.3847167,-51.4890918
2026/02/27 14:23:10.000+00,-25.3846972,-51.489095
2026/02/27 14:23:14.000+00,-25.3846512,-51.4890946
2026/02/27 14:23:19.000+00,-25.3846134,-51.4890793
2026/02/27 14:23:24.000+00,-25.3845879,-51.4890455
2026/02/27 14:23:24.000+00,-25.3845761,-51.4890238
2026/02/27 14:23:29.000+00,-25.3845429,-51.4889801
2026/02/27 14:23:34.000+00,-25.3844998,-51.4889497
2026/02/27 14:23:37.000+00,-25.3844568,-51.4889514
2026/02/27 14:23:42.000+00,-25.3844079,-51.488962
2026/02/27 14:23:46.000+00,-25.3843681,-51.4889713
2026/02/27 14:23:50.000+00,-25.3843236,-51.4889608
2026/02/27 14:23:50.000+00,-25.384319,-51.4889605
2026/02/27 14:23:54.000+00,-25.3842731,-51.4889694
2026/02/27 14:23:59.000+00,-25.3842172,-51.4889581
2026/02/27 14:24:02.000+00,-25.3841789,-51.4889598
2026/02/27 14:24:07.000+00,-25.3841279,-51.4889667
2026/02/27 14:24:11.000+00,-25.3840852,-51.4889664
2026/02/27 14:24:16.000+00,-25.3840351,-51.4889767
2026/02/27 14:24:20.000+00,-25.3839913,-51.4889804
2026/02/27 14:24:25.000+00,-25.3839448,-51.4889864
2026/02/27 14:24:29.000+00,-25.3838992,-51.4889675
2026/02/27 14:24:33.000+00,-25.3838616,-51.4889867
2026/02/27 14:24:37.000+00,-25.3838255,-51.4890052
2026/02/27 14:24:42.000+00,-25.3837807,-51.4890196
2026/02/27 14:24:43.000+00,-25.3837703,-51.4890229
2026/02/27 14:24:47.000+00,-25.383726,-51.4890247
2026/02/27 14:24:52.000+00,-25.3836807,-51.4890289
2026/02/27 14:24:57.000+00,-25.3836288,-51.4890299
2026/02/27 14:25:01.000+00,-25.3836288,-51.4890017
2026/02/27 14:25:05.000+00,-25.3836134,-51.4889924
2026/02/27 14:25:10.000+00,-25.3835838,-51.4889801
2026/02/27 14:25:14.000+00,-25.383531,-51.4889621
2026/02/27 14:25:16.000+00,-25.3835185,-51.4889425
2026/02/27 14:25:20.000+00,-25.383511,-51.4889008
2026/02/27 14:25:25.000+00,-25.3834876,-51.4888464
2026/02/27 14:25:29.000+00,-25.3834771,-51.4888115
2026/02/27 14:25:31.000+00,-25.3834568,-51.4888085
2026/02/27 14:25:36.000+00,-25.383462,-51.4887836
2026/02/27 14:25:41.000+00,-25.3834721,-51.4887737
2026/02/27 14:25:47.000+00,-25.3834843,-51.4887737
2026/02/27 14:25:52.000+00,-25.3834747,-51.4887686
2026/02/27 14:25:56.000+00,-25.3834761,-51.4887617
2026/02/27 14:26:01.000+00,-25.3834998,-51.4887729
2026/02/27 14:26:06.000+00,-25.3834842,-51.4887598
2026/02/27 14:26:10.000+00,-25.3834802,-51.4886941
2026/02/27 14:26:14.000+00,-25.3834938,-51.4886606
2026/02/27 14:26:18.000+00,-25.3835341,-51.4886499
2026/02/27 14:26:23.000+00,-25.3835545,-51.4886749
2026/02/27 14:26:28.000+00,-25.3835544,-51.4886707
2026/02/27 14:26:33.000+00,-25.3835526,-51.4886696
2026/02/27 14:26:38.000+00,-25.3835548,-51.4886645
2026/02/27 14:26:43.000+00,-25.3835803,-51.4886094
2026/02/27 14:26:48.000+00,-25.3835711,-51.4886351
2026/02/27 14:26:52.000+00,-25.3835883,-51.4886563
2026/02/27 14:26:56.000+00,-25.3836037,-51.4887004
2026/02/27 14:27:00.000+00,-25.3836154,-51.4887386
2026/02/27 14:27:05.000+00,-25.3836115,-51.4887755
2026/02/27 14:27:15.000+00,-25.3835894,-51.4887729
2026/02/27 14:27:20.000+00,-25.3835837,-51.4887591
2026/02/27 14:27:24.000+00,-25.3835744,-51.4887554
2026/02/27 14:27:33.000+00,-25.3835784,-51.488743
2026/02/27 14:27:39.000+00,-25.3835781,-51.4887409
2026/02/27 14:27:44.000+00,-25.3835788,-51.4887342
2026/02/27 14:27:48.000+00,-25.3835808,-51.4887347
2026/02/27 14:27:53.000+00,-25.3835755,-51.4887341
